"order_id;date;manufacturer;type;city;purchase_price;selling_price;margin";date;month;manufacturer;model;type;city;purchase_price;selling_price;margin
ORD-2024-1182;5.01.2024;January;Romet;Huragan 3;Szosowy;Gdańsk;3200;4499;1299
ORD-2024-1679;6.01.2024;January;Giant;Contend AR 3;Szosowy;Gdańsk;4100;5699;1599
ORD-2024-1785;7.01.2024;January;Giant;Revolt 2;Gravel;Bydgoszcz;4900;6799;1899
ORD-2024-1661;7.01.2024;January;Cube;Aim Pro;MTB;Poznań;2200;2999;799
ORD-2024-1676;11.01.2024;January;Romet;Gazela 4;Miejski;Łódź;1800;2499;699
ORD-2024-1169;13.01.2024;January;Trek;Marlin 6;MTB;Poznań;2600;3599;999
ORD-2024-1762;13.01.2024;January;Trek;Domane AL 2;Szosowy;Łódź;3800;5299;1499
ORD-2024-1784;14.01.2024;January;Giant;Talon 2;MTB;Warszawa;2400;3299;899
ORD-2024-1412;16.01.2024;January;Kross;Esker 6.0;Gravel;Katowice;5800;7999;2199
ORD-2024-1505;17.01.2024;January;Romet;Jolene 24;Dziecięcy;Szczecin;850;1199;349
ORD-2024-1135;17.01.2024;January;Cube;Nuroad Pro;Gravel;Kraków;4600;6299;1699
ORD-2024-1634;17.01.2024;January;Trek;Marlin 6;MTB;Łódź;2600;3599;999
ORD-2024-1942;18.01.2024;January;Trek;Domane AL 2;Szosowy;Katowice;3800;5299;1499
ORD-2024-1065;21.01.2024;January;Giant;Revolt 2;Gravel;Bydgoszcz;4900;6799;1899
ORD-2024-1195;22.01.2024;January;Trek;Marlin 6;MTB;Łódź;2600;3599;999
ORD-2024-1312;23.01.2024;January;Romet;Aspre 1;Gravel;Wrocław;2600;3699;1099
ORD-2024-1403;23.01.2024;January;Trek;District 1;Miejski;Poznań;2900;3999;1099
ORD-2024-1054;24.01.2024;January;Giant;Contend AR 3;Szosowy;Lublin;4100;5699;1599
ORD-2024-1855;25.01.2024;January;Kross;Level Mini;Dziecięcy;Katowice;900;1299;399
ORD-2024-1582;26.01.2024;January;Romet;Aspre 1;Gravel;Gdańsk;2600;3699;1099
ORD-2024-1888;27.01.2024;January;Kross;Hexagon 5.0;MTB;Łódź;1600;2199;599
ORD-2024-1355;28.01.2024;January;Giant;Revolt 2;Gravel;Bydgoszcz;4900;6799;1899
ORD-2024-1732;30.01.2024;January;Romet;Jolene 24;Dziecięcy;Poznań;850;1199;349
ORD-2024-1432;31.01.2024;January;Cube;Nuroad Pro;Gravel;Szczecin;4600;6299;1699
ORD-2024-1610;3.02.2024;February;Kross;Esker 6.0;Gravel;Kraków;5800;7999;2199
ORD-2024-1603;12.02.2024;February;Romet;Huragan 3;Szosowy;Poznań;3200;4499;1299
ORD-2024-1539;13.02.2024;February;Trek;District 1;Miejski;Katowice;2900;3999;1099
ORD-2024-1529;13.02.2024;February;Trek;Marlin 6;MTB;Gdańsk;2600;3599;999
ORD-2024-1480;13.02.2024;February;Romet;Jolene 24;Dziecięcy;Łódź;850;1199;349
ORD-2024-1329;14.02.2024;February;Kross;Esker 6.0;Gravel;Poznań;5800;7999;2199
ORD-2024-1730;14.02.2024;February;Kross;Trans 5.0;Miejski;Lublin;2100;2899;799
ORD-2024-1249;18.02.2024;February;Giant;Contend AR 3;Szosowy;Bydgoszcz;4100;5699;1599
ORD-2024-1626;22.02.2024;February;Cube;Aim Pro;MTB;Szczecin;2200;2999;799
ORD-2024-1918;22.02.2024;February;Trek;District 1;Miejski;Warszawa;2900;3999;1099
ORD-2024-1968;23.02.2024;February;Kross;Hexagon 5.0;MTB;Gdańsk;1600;2199;599
ORD-2024-1008;26.02.2024;February;Kross;Level Mini;Dziecięcy;Warszawa;900;1299;399
ORD-2024-1071;1.03.2024;March;Cube;Nuroad Pro;Gravel;Poznań;4600;6299;1699
ORD-2024-1650;1.03.2024;March;Kross;Esker 6.0;Gravel;Kraków;5800;7999;2199
ORD-2024-1913;2.03.2024;March;Romet;Boreas 2;Gravel;Gdańsk;4200;5899;1699
ORD-2024-1548;3.03.2024;March;Specialized;Allez;Szosowy;Lublin;4500;6199;1699
ORD-2024-1301;3.03.2024;March;Giant;Revolt 2;Gravel;Warszawa;4900;6799;1899
ORD-2024-1572;3.03.2024;March;Romet;Jolene 24;Dziecięcy;Bydgoszcz;850;1199;349
ORD-2024-1782;3.03.2024;March;Giant;Revolt 2;Gravel;Lublin;4900;6799;1899
ORD-2024-1284;4.03.2024;March;Trek;District 1;Miejski;Wrocław;2900;3999;1099
ORD-2024-1491;4.03.2024;March;Giant;Escape City;Miejski;Bydgoszcz;2300;3199;899
ORD-2024-1781;5.03.2024;March;Romet;Huragan 3;Szosowy;Bydgoszcz;3200;4499;1299
ORD-2024-1022;5.03.2024;March;Kross;Level Mini;Dziecięcy;Wrocław;900;1299;399
ORD-2024-1190;5.03.2024;March;Kross;Esker 1.0;Gravel;Szczecin;2300;3199;899
ORD-2024-1316;5.03.2024;March;Cube;Aim Pro;MTB;Wrocław;2200;2999;799
ORD-2024-1768;5.03.2024;March;Trek;District 1;Miejski;Szczecin;2900;3999;1099
ORD-2024-1378;6.03.2024;March;Specialized;Rockhopper Sport;MTB;Katowice;2500;3499;999
ORD-2024-1441;6.03.2024;March;Kross;Trans 5.0;Miejski;Warszawa;2100;2899;799
ORD-2024-1570;6.03.2024;March;Romet;Jolene 24;Dziecięcy;Poznań;850;1199;349
ORD-2024-1592;8.03.2024;March;Giant;Talon 2;MTB;Lublin;2400;3299;899
ORD-2024-1617;9.03.2024;March;Romet;Huragan 3;Szosowy;Poznań;3200;4499;1299
ORD-2024-1635;9.03.2024;March;Romet;Gazela 4;Miejski;Katowice;1800;2499;699
ORD-2024-1045;9.03.2024;March;Trek;Checkpoint ALR 4;Gravel;Lublin;7500;9999;2499
ORD-2024-1484;9.03.2024;March;Specialized;Rockhopper Sport;MTB;Lublin;2500;3499;999
ORD-2024-1490;11.03.2024;March;Trek;District 1;Miejski;Wrocław;2900;3999;1099
ORD-2024-1409;11.03.2024;March;Woom;4 Original;Dziecięcy;Łódź;1900;2599;699
ORD-2024-1106;11.03.2024;March;Kross;Vento 2.0;Szosowy;Katowice;2800;3899;1099
ORD-2024-1422;11.03.2024;March;Kross;Esker 1.0;Gravel;Lublin;2300;3199;899
ORD-2024-1823;11.03.2024;March;Kross;Level Mini;Dziecięcy;Warszawa;900;1299;399
ORD-2024-1123;11.03.2024;March;Romet;Jolene 24;Dziecięcy;Szczecin;850;1199;349
ORD-2024-1173;12.03.2024;March;Kross;Vento 2.0;Szosowy;Warszawa;2800;3899;1099
ORD-2024-1889;12.03.2024;March;Romet;Aspre 1;Gravel;Lublin;2600;3699;1099
ORD-2024-1604;13.03.2024;March;Giant;Contend AR 3;Szosowy;Warszawa;4100;5699;1599
ORD-2024-1396;14.03.2024;March;Kross;Level Mini;Dziecięcy;Wrocław;900;1299;399
ORD-2024-1025;15.03.2024;March;Kross;Vento 2.0;Szosowy;Poznań;2800;3899;1099
ORD-2024-1981;15.03.2024;March;Kross;Esker 6.0;Gravel;Szczecin;5800;7999;2199
ORD-2024-1956;15.03.2024;March;Kross;Vento 2.0;Szosowy;Warszawa;2800;3899;1099
ORD-2024-1745;15.03.2024;March;Kross;Vento 2.0;Szosowy;Warszawa;2800;3899;1099
ORD-2024-1806;15.03.2024;March;Romet;Mustang M2;MTB;Kraków;2100;2999;899
ORD-2024-1170;15.03.2024;March;Romet;Huragan 3;Szosowy;Gdańsk;3200;4499;1299
ORD-2024-1319;16.03.2024;March;Cube;Nuroad Pro;Gravel;Wrocław;4600;6299;1699
ORD-2024-1325;16.03.2024;March;Trek;Checkpoint ALR 4;Gravel;Wrocław;7500;9999;2499
ORD-2024-1171;16.03.2024;March;Specialized;Rockhopper Sport;MTB;Szczecin;2500;3499;999
ORD-2024-1606;17.03.2024;March;Kross;Hexagon 5.0;MTB;Szczecin;1600;2199;599
ORD-2024-1513;17.03.2024;March;Kross;Esker 6.0;Gravel;Poznań;5800;7999;2199
ORD-2024-1382;18.03.2024;March;Romet;Huragan 3;Szosowy;Bydgoszcz;3200;4499;1299
ORD-2024-1552;19.03.2024;March;Kross;Level Mini;Dziecięcy;Łódź;900;1299;399
ORD-2024-1347;19.03.2024;March;Cube;Nuroad Pro;Gravel;Katowice;4600;6299;1699
ORD-2024-1121;20.03.2024;March;Kross;Esker 6.0;Gravel;Szczecin;5800;7999;2199
ORD-2024-1664;20.03.2024;March;Kross;Trans 5.0;Miejski;Bydgoszcz;2100;2899;799
ORD-2024-1483;20.03.2024;March;Trek;Marlin 6;MTB;Szczecin;2600;3599;999
ORD-2024-1142;21.03.2024;March;Romet;Boreas 2;Gravel;Gdańsk;4200;5899;1699
ORD-2024-1813;21.03.2024;March;Cube;Aim Pro;MTB;Kraków;2200;2999;799
ORD-2024-1728;22.03.2024;March;Romet;Mustang M2;MTB;Katowice;2100;2999;899
ORD-2024-1206;23.03.2024;March;Kross;Esker 6.0;Gravel;Gdańsk;5800;7999;2199
ORD-2024-1440;23.03.2024;March;Kross;Vento 2.0;Szosowy;Lublin;2800;3899;1099
ORD-2024-1274;23.03.2024;March;Specialized;Rockhopper Sport;MTB;Warszawa;2500;3499;999
ORD-2024-1228;23.03.2024;March;Cube;Aim Pro;MTB;Gdańsk;2200;2999;799
ORD-2024-1620;23.03.2024;March;Specialized;Rockhopper Sport;MTB;Lublin;2500;3499;999
ORD-2024-1163;25.03.2024;March;Kross;Esker 1.0;Gravel;Gdańsk;2300;3199;899
ORD-2024-1579;25.03.2024;March;Giant;Talon 2;MTB;Lublin;2400;3299;899
ORD-2024-1031;25.03.2024;March;Giant;Contend AR 3;Szosowy;Warszawa;4100;5699;1599
ORD-2024-1455;25.03.2024;March;Woom;4 Original;Dziecięcy;Katowice;1900;2599;699
ORD-2024-1829;25.03.2024;March;Specialized;Allez;Szosowy;Łódź;4500;6199;1699
ORD-2024-1594;26.03.2024;March;Romet;Mustang M2;MTB;Katowice;2100;2999;899
ORD-2024-1194;26.03.2024;March;Giant;Talon 2;MTB;Katowice;2400;3299;899
ORD-2024-1990;26.03.2024;March;Romet;Huragan 3;Szosowy;Szczecin;3200;4499;1299
ORD-2024-1364;26.03.2024;March;Kross;Esker 6.0;Gravel;Gdańsk;5800;7999;2199
ORD-2024-1900;27.03.2024;March;Kross;Trans 5.0;Miejski;Wrocław;2100;2899;799
ORD-2024-1007;27.03.2024;March;Kross;Trans 5.0;Miejski;Łódź;2100;2899;799
ORD-2024-1931;27.03.2024;March;Cube;Nuroad Pro;Gravel;Szczecin;4600;6299;1699
ORD-2024-1550;28.03.2024;March;Romet;Gazela 4;Miejski;Kraków;1800;2499;699
ORD-2024-1831;28.03.2024;March;Trek;Domane AL 2;Szosowy;Szczecin;3800;5299;1499
ORD-2024-1421;28.03.2024;March;Woom;4 Original;Dziecięcy;Gdańsk;1900;2599;699
ORD-2024-1130;28.03.2024;March;Woom;4 Original;Dziecięcy;Lublin;1900;2599;699
ORD-2024-1258;28.03.2024;March;Giant;Revolt 2;Gravel;Łódź;4900;6799;1899
ORD-2024-1145;29.03.2024;March;Romet;Boreas 2;Gravel;Warszawa;4200;5899;1699
ORD-2024-1359;29.03.2024;March;Giant;Talon 2;MTB;Warszawa;2400;3299;899
ORD-2024-1711;29.03.2024;March;Trek;Checkpoint ALR 4;Gravel;Wrocław;7500;9999;2499
ORD-2024-1764;29.03.2024;March;Kross;Level Mini;Dziecięcy;Łódź;900;1299;399
ORD-2024-1832;30.03.2024;March;Cube;Nuroad Pro;Gravel;Katowice;4600;6299;1699
ORD-2024-1952;30.03.2024;March;Giant;Escape City;Miejski;Poznań;2300;3199;899
ORD-2024-1937;30.03.2024;March;Cube;Aim Pro;MTB;Wrocław;2200;2999;799
ORD-2024-1816;30.03.2024;March;Giant;Talon 2;MTB;Warszawa;2400;3299;899
ORD-2024-1450;30.03.2024;March;Kross;Level Mini;Dziecięcy;Kraków;900;1299;399
ORD-2024-1056;30.03.2024;March;Romet;Jolene 24;Dziecięcy;Wrocław;850;1199;349
ORD-2024-1397;31.03.2024;March;Romet;Aspre 1;Gravel;Gdańsk;2600;3699;1099
ORD-2024-1668;31.03.2024;March;Cube;Nuroad Pro;Gravel;Warszawa;4600;6299;1699
ORD-2024-1116;31.03.2024;March;Specialized;Rockhopper Sport;MTB;Łódź;2500;3499;999
ORD-2024-1493;1.04.2024;April;Woom;4 Original;Dziecięcy;Wrocław;1900;2599;699
ORD-2024-1523;1.04.2024;April;Trek;Domane AL 2;Szosowy;Poznań;3800;5299;1499
ORD-2024-1725;1.04.2024;April;Cube;Nuroad Pro;Gravel;Poznań;4600;6299;1699
ORD-2024-1244;1.04.2024;April;Kross;Level Mini;Dziecięcy;Poznań;900;1299;399
ORD-2024-1381;2.04.2024;April;Kross;Hexagon 5.0;MTB;Warszawa;1600;2199;599
ORD-2024-1339;2.04.2024;April;Kross;Trans 5.0;Miejski;Kraków;2100;2899;799
ORD-2024-1405;2.04.2024;April;Romet;Huragan 3;Szosowy;Szczecin;3200;4499;1299
ORD-2024-1310;2.04.2024;April;Trek;District 1;Miejski;Katowice;2900;3999;1099
ORD-2024-1372;2.04.2024;April;Romet;Gazela 4;Miejski;Poznań;1800;2499;699
ORD-2024-1890;2.04.2024;April;Cube;Aim Pro;MTB;Wrocław;2200;2999;799
ORD-2024-1822;2.04.2024;April;Romet;Huragan 3;Szosowy;Warszawa;3200;4499;1299
ORD-2024-1275;3.04.2024;April;Cube;Aim Pro;MTB;Bydgoszcz;2200;2999;799
ORD-2024-1040;3.04.2024;April;Giant;Contend AR 3;Szosowy;Warszawa;4100;5699;1599
ORD-2024-1387;3.04.2024;April;Romet;Jolene 24;Dziecięcy;Lublin;850;1199;349
ORD-2024-1399;3.04.2024;April;Romet;Boreas 2;Gravel;Warszawa;4200;5899;1699
ORD-2024-1726;3.04.2024;April;Romet;Boreas 2;Gravel;Poznań;4200;5899;1699
ORD-2024-1982;4.04.2024;April;Romet;Mustang M2;MTB;Kraków;2100;2999;899
ORD-2024-1998;4.04.2024;April;Romet;Boreas 2;Gravel;Lublin;4200;5899;1699
ORD-2024-1320;4.04.2024;April;Romet;Boreas 2;Gravel;Kraków;4200;5899;1699
ORD-2024-1859;4.04.2024;April;Woom;4 Original;Dziecięcy;Kraków;1900;2599;699
ORD-2024-1807;4.04.2024;April;Kross;Vento 2.0;Szosowy;Warszawa;2800;3899;1099
ORD-2024-1447;4.04.2024;April;Romet;Mustang M2;MTB;Poznań;2100;2999;899
ORD-2024-1002;5.04.2024;April;Giant;Talon 2;MTB;Łódź;2400;3299;899
ORD-2024-1058;5.04.2024;April;Romet;Jolene 24;Dziecięcy;Poznań;850;1199;349
ORD-2024-1735;6.04.2024;April;Woom;4 Original;Dziecięcy;Wrocław;1900;2599;699
ORD-2024-1868;6.04.2024;April;Romet;Huragan 3;Szosowy;Katowice;3200;4499;1299
ORD-2024-1186;6.04.2024;April;Romet;Jolene 24;Dziecięcy;Kraków;850;1199;349
ORD-2024-1394;6.04.2024;April;Specialized;Rockhopper Sport;MTB;Gdańsk;2500;3499;999
ORD-2024-1857;6.04.2024;April;Giant;Revolt 2;Gravel;Warszawa;4900;6799;1899
ORD-2024-1068;6.04.2024;April;Woom;4 Original;Dziecięcy;Bydgoszcz;1900;2599;699
ORD-2024-1338;7.04.2024;April;Specialized;Allez;Szosowy;Katowice;4500;6199;1699
ORD-2024-1240;7.04.2024;April;Kross;Trans 5.0;Miejski;Gdańsk;2100;2899;799
ORD-2024-1001;7.04.2024;April;Romet;Mustang M2;MTB;Katowice;2100;2999;899
ORD-2024-1879;7.04.2024;April;Specialized;Rockhopper Sport;MTB;Lublin;2500;3499;999
ORD-2024-1865;7.04.2024;April;Kross;Level Mini;Dziecięcy;Kraków;900;1299;399
ORD-2024-1737;8.04.2024;April;Romet;Jolene 24;Dziecięcy;Katowice;850;1199;349
ORD-2024-1972;8.04.2024;April;Romet;Aspre 1;Gravel;Lublin;2600;3699;1099
ORD-2024-1125;8.04.2024;April;Kross;Level Mini;Dziecięcy;Szczecin;900;1299;399
ORD-2024-1555;8.04.2024;April;Romet;Gazela 4;Miejski;Poznań;1800;2499;699
ORD-2024-1771;8.04.2024;April;Trek;Marlin 6;MTB;Lublin;2600;3599;999
ORD-2024-1360;8.04.2024;April;Kross;Esker 6.0;Gravel;Gdańsk;5800;7999;2199
ORD-2024-1947;9.04.2024;April;Kross;Esker 6.0;Gravel;Warszawa;5800;7999;2199
ORD-2024-1326;9.04.2024;April;Woom;4 Original;Dziecięcy;Katowice;1900;2599;699
ORD-2024-1260;9.04.2024;April;Kross;Esker 1.0;Gravel;Bydgoszcz;2300;3199;899
ORD-2024-1291;10.04.2024;April;Kross;Esker 1.0;Gravel;Bydgoszcz;2300;3199;899
ORD-2024-1434;10.04.2024;April;Romet;Aspre 1;Gravel;Gdańsk;2600;3699;1099
ORD-2024-1193;10.04.2024;April;Kross;Hexagon 5.0;MTB;Gdańsk;1600;2199;599
ORD-2024-1445;10.04.2024;April;Romet;Aspre 1;Gravel;Bydgoszcz;2600;3699;1099
ORD-2024-1080;11.04.2024;April;Romet;Huragan 3;Szosowy;Szczecin;3200;4499;1299
ORD-2024-1577;11.04.2024;April;Romet;Huragan 3;Szosowy;Warszawa;3200;4499;1299
ORD-2024-1575;11.04.2024;April;Giant;Contend AR 3;Szosowy;Warszawa;4100;5699;1599
ORD-2024-1795;11.04.2024;April;Kross;Trans 5.0;Miejski;Szczecin;2100;2899;799
ORD-2024-1486;11.04.2024;April;Cube;Aim Pro;MTB;Poznań;2200;2999;799
ORD-2024-1954;12.04.2024;April;Giant;Revolt 2;Gravel;Łódź;4900;6799;1899
ORD-2024-1792;12.04.2024;April;Kross;Esker 1.0;Gravel;Lublin;2300;3199;899
ORD-2024-1219;12.04.2024;April;Trek;Checkpoint ALR 4;Gravel;Bydgoszcz;7500;9999;2499
ORD-2024-1812;12.04.2024;April;Kross;Level Mini;Dziecięcy;Wrocław;900;1299;399
ORD-2024-1006;13.04.2024;April;Kross;Esker 1.0;Gravel;Gdańsk;2300;3199;899
ORD-2024-1344;13.04.2024;April;Giant;Talon 2;MTB;Warszawa;2400;3299;899
ORD-2024-1924;13.04.2024;April;Romet;Huragan 3;Szosowy;Katowice;3200;4499;1299
ORD-2024-1609;13.04.2024;April;Romet;Boreas 2;Gravel;Kraków;4200;5899;1699
ORD-2024-1905;13.04.2024;April;Romet;Aspre 1;Gravel;Gdańsk;2600;3699;1099
ORD-2024-1600;13.04.2024;April;Kross;Vento 2.0;Szosowy;Lublin;2800;3899;1099
ORD-2024-1566;13.04.2024;April;Giant;Talon 2;MTB;Szczecin;2400;3299;899
ORD-2024-1021;13.04.2024;April;Romet;Aspre 1;Gravel;Lublin;2600;3699;1099
ORD-2024-1508;13.04.2024;April;Specialized;Allez;Szosowy;Wrocław;4500;6199;1699
ORD-2024-1511;14.04.2024;April;Romet;Huragan 3;Szosowy;Poznań;3200;4499;1299
ORD-2024-1720;14.04.2024;April;Kross;Esker 1.0;Gravel;Kraków;2300;3199;899
ORD-2024-1688;14.04.2024;April;Romet;Jolene 24;Dziecięcy;Łódź;850;1199;349
ORD-2024-1500;14.04.2024;April;Cube;Nuroad Pro;Gravel;Wrocław;4600;6299;1699
ORD-2024-1066;14.04.2024;April;Giant;Talon 2;MTB;Lublin;2400;3299;899
ORD-2024-1790;15.04.2024;April;Kross;Level Mini;Dziecięcy;Gdańsk;900;1299;399
ORD-2024-1053;16.04.2024;April;Romet;Boreas 2;Gravel;Poznań;4200;5899;1699
ORD-2024-1621;17.04.2024;April;Kross;Hexagon 5.0;MTB;Łódź;1600;2199;599
ORD-2024-1016;17.04.2024;April;Giant;Escape City;Miejski;Warszawa;2300;3199;899
ORD-2024-1089;17.04.2024;April;Giant;Escape City;Miejski;Kraków;2300;3199;899
ORD-2024-1504;17.04.2024;April;Kross;Esker 1.0;Gravel;Lublin;2300;3199;899
ORD-2024-1525;17.04.2024;April;Woom;4 Original;Dziecięcy;Łódź;1900;2599;699
ORD-2024-1276;18.04.2024;April;Romet;Mustang M2;MTB;Poznań;2100;2999;899
ORD-2024-1333;18.04.2024;April;Romet;Huragan 3;Szosowy;Wrocław;3200;4499;1299
ORD-2024-1439;18.04.2024;April;Romet;Jolene 24;Dziecięcy;Katowice;850;1199;349
ORD-2024-1201;19.04.2024;April;Romet;Gazela 4;Miejski;Lublin;1800;2499;699
ORD-2024-1622;19.04.2024;April;Trek;Domane AL 2;Szosowy;Kraków;3800;5299;1499
ORD-2024-1356;19.04.2024;April;Romet;Huragan 3;Szosowy;Łódź;3200;4499;1299
ORD-2024-1578;19.04.2024;April;Trek;Domane AL 2;Szosowy;Kraków;3800;5299;1499
ORD-2024-1376;19.04.2024;April;Romet;Gazela 4;Miejski;Warszawa;1800;2499;699
ORD-2024-1923;20.04.2024;April;Trek;Checkpoint ALR 4;Gravel;Poznań;7500;9999;2499
ORD-2024-1987;20.04.2024;April;Romet;Boreas 2;Gravel;Lublin;4200;5899;1699
ORD-2024-1087;20.04.2024;April;Kross;Hexagon 5.0;MTB;Warszawa;1600;2199;599
ORD-2024-1335;21.04.2024;April;Kross;Esker 6.0;Gravel;Łódź;5800;7999;2199
ORD-2024-1133;21.04.2024;April;Romet;Mustang M2;MTB;Kraków;2100;2999;899
ORD-2024-1377;21.04.2024;April;Specialized;Rockhopper Sport;MTB;Poznań;2500;3499;999
ORD-2024-1302;21.04.2024;April;Kross;Vento 2.0;Szosowy;Łódź;2800;3899;1099
ORD-2024-1906;22.04.2024;April;Romet;Boreas 2;Gravel;Poznań;4200;5899;1699
ORD-2024-1943;22.04.2024;April;Trek;Checkpoint ALR 4;Gravel;Szczecin;7500;9999;2499
ORD-2024-1010;22.04.2024;April;Cube;Aim Pro;MTB;Łódź;2200;2999;799
ORD-2024-1018;22.04.2024;April;Romet;Huragan 3;Szosowy;Warszawa;3200;4499;1299
ORD-2024-1384;22.04.2024;April;Trek;Checkpoint ALR 4;Gravel;Bydgoszcz;7500;9999;2499
ORD-2024-1363;22.04.2024;April;Kross;Hexagon 5.0;MTB;Kraków;1600;2199;599
ORD-2024-1994;22.04.2024;April;Giant;Talon 2;MTB;Łódź;2400;3299;899
ORD-2024-1934;22.04.2024;April;Trek;Checkpoint ALR 4;Gravel;Bydgoszcz;7500;9999;2499
ORD-2024-1684;23.04.2024;April;Romet;Boreas 2;Gravel;Szczecin;4200;5899;1699
ORD-2024-1828;23.04.2024;April;Romet;Gazela 4;Miejski;Lublin;1800;2499;699
ORD-2024-1395;24.04.2024;April;Romet;Jolene 24;Dziecięcy;Lublin;850;1199;349
ORD-2024-1519;24.04.2024;April;Trek;Marlin 6;MTB;Poznań;2600;3599;999
ORD-2024-1015;24.04.2024;April;Romet;Jolene 24;Dziecięcy;Katowice;850;1199;349
ORD-2024-1178;24.04.2024;April;Kross;Trans 5.0;Miejski;Poznań;2100;2899;799
ORD-2024-1415;24.04.2024;April;Giant;Revolt 2;Gravel;Lublin;4900;6799;1899
ORD-2024-1836;24.04.2024;April;Giant;Revolt 2;Gravel;Łódź;4900;6799;1899
ORD-2024-1591;24.04.2024;April;Romet;Boreas 2;Gravel;Wrocław;4200;5899;1699
ORD-2024-1243;25.04.2024;April;Woom;4 Original;Dziecięcy;Poznań;1900;2599;699
ORD-2024-1024;25.04.2024;April;Kross;Hexagon 5.0;MTB;Poznań;1600;2199;599
ORD-2024-1047;25.04.2024;April;Romet;Aspre 1;Gravel;Lublin;2600;3699;1099
ORD-2024-1964;25.04.2024;April;Woom;4 Original;Dziecięcy;Katowice;1900;2599;699
ORD-2024-1179;25.04.2024;April;Cube;Nuroad Pro;Gravel;Poznań;4600;6299;1699
ORD-2024-1960;25.04.2024;April;Romet;Aspre 1;Gravel;Szczecin;2600;3699;1099
ORD-2024-1061;26.04.2024;April;Specialized;Allez;Szosowy;Gdańsk;4500;6199;1699
ORD-2024-1669;26.04.2024;April;Kross;Level Mini;Dziecięcy;Wrocław;900;1299;399
ORD-2024-1573;26.04.2024;April;Romet;Boreas 2;Gravel;Szczecin;4200;5899;1699
ORD-2024-1487;26.04.2024;April;Kross;Vento 2.0;Szosowy;Wrocław;2800;3899;1099
ORD-2024-1162;27.04.2024;April;Giant;Contend AR 3;Szosowy;Katowice;4100;5699;1599
ORD-2024-1518;27.04.2024;April;Romet;Mustang M2;MTB;Kraków;2100;2999;899
ORD-2024-1126;27.04.2024;April;Trek;District 1;Miejski;Szczecin;2900;3999;1099
ORD-2024-1541;27.04.2024;April;Trek;Domane AL 2;Szosowy;Kraków;3800;5299;1499
ORD-2024-1891;28.04.2024;April;Kross;Vento 2.0;Szosowy;Warszawa;2800;3899;1099
ORD-2024-1449;28.04.2024;April;Cube;Nuroad Pro;Gravel;Szczecin;4600;6299;1699
ORD-2024-1958;28.04.2024;April;Kross;Trans 5.0;Miejski;Wrocław;2100;2899;799
ORD-2024-1467;28.04.2024;April;Kross;Vento 2.0;Szosowy;Kraków;2800;3899;1099
ORD-2024-1774;28.04.2024;April;Kross;Esker 1.0;Gravel;Lublin;2300;3199;899
ORD-2024-1296;29.04.2024;April;Romet;Mustang M2;MTB;Warszawa;2100;2999;899
ORD-2024-1425;29.04.2024;April;Kross;Hexagon 5.0;MTB;Katowice;1600;2199;599
ORD-2024-1160;29.04.2024;April;Kross;Trans 5.0;Miejski;Poznań;2100;2899;799
ORD-2024-1517;29.04.2024;April;Kross;Esker 1.0;Gravel;Szczecin;2300;3199;899
ORD-2024-1248;29.04.2024;April;Trek;District 1;Miejski;Gdańsk;2900;3999;1099
ORD-2024-1898;30.04.2024;April;Kross;Trans 5.0;Miejski;Katowice;2100;2899;799
ORD-2024-1159;30.04.2024;April;Cube;Aim Pro;MTB;Katowice;2200;2999;799
ORD-2024-1643;1.05.2024;May;Cube;Aim Pro;MTB;Poznań;2200;2999;799
ORD-2024-1239;1.05.2024;May;Woom;4 Original;Dziecięcy;Katowice;1900;2599;699
ORD-2024-1521;1.05.2024;May;Romet;Boreas 2;Gravel;Gdańsk;4200;5899;1699
ORD-2024-1305;1.05.2024;May;Specialized;Rockhopper Sport;MTB;Kraków;2500;3499;999
ORD-2024-1215;1.05.2024;May;Trek;Domane AL 2;Szosowy;Katowice;3800;5299;1499
ORD-2024-1589;1.05.2024;May;Romet;Mustang M2;MTB;Gdańsk;2100;2999;899
ORD-2024-1127;2.05.2024;May;Specialized;Allez;Szosowy;Kraków;4500;6199;1699
ORD-2024-1064;2.05.2024;May;Giant;Escape City;Miejski;Kraków;2300;3199;899
ORD-2024-1469;2.05.2024;May;Specialized;Rockhopper Sport;MTB;Poznań;2500;3499;999
ORD-2024-1926;2.05.2024;May;Trek;Checkpoint ALR 4;Gravel;Warszawa;7500;9999;2499
ORD-2024-1253;2.05.2024;May;Trek;Domane AL 2;Szosowy;Szczecin;3800;5299;1499
ORD-2024-1564;3.05.2024;May;Romet;Boreas 2;Gravel;Poznań;4200;5899;1699
ORD-2024-1005;3.05.2024;May;Kross;Esker 1.0;Gravel;Katowice;2300;3199;899
ORD-2024-1264;4.05.2024;May;Romet;Gazela 4;Miejski;Łódź;1800;2499;699
ORD-2024-1327;4.05.2024;May;Kross;Level Mini;Dziecięcy;Bydgoszcz;900;1299;399
ORD-2024-1346;4.05.2024;May;Cube;Nuroad Pro;Gravel;Warszawa;4600;6299;1699
ORD-2024-1388;4.05.2024;May;Kross;Hexagon 5.0;MTB;Łódź;1600;2199;599
ORD-2024-1778;4.05.2024;May;Kross;Vento 2.0;Szosowy;Gdańsk;2800;3899;1099
ORD-2024-1627;4.05.2024;May;Romet;Huragan 3;Szosowy;Bydgoszcz;3200;4499;1299
ORD-2024-1200;4.05.2024;May;Specialized;Allez;Szosowy;Lublin;4500;6199;1699
ORD-2024-1144;4.05.2024;May;Kross;Vento 2.0;Szosowy;Łódź;2800;3899;1099
ORD-2024-1197;5.05.2024;May;Specialized;Allez;Szosowy;Gdańsk;4500;6199;1699
ORD-2024-1864;5.05.2024;May;Romet;Jolene 24;Dziecięcy;Warszawa;850;1199;349
ORD-2024-1426;5.05.2024;May;Romet;Mustang M2;MTB;Poznań;2100;2999;899
ORD-2024-1765;5.05.2024;May;Cube;Nuroad Pro;Gravel;Bydgoszcz;4600;6299;1699
ORD-2024-1497;6.05.2024;May;Trek;Domane AL 2;Szosowy;Wrocław;3800;5299;1499
ORD-2024-1269;6.05.2024;May;Cube;Aim Pro;MTB;Warszawa;2200;2999;799
ORD-2024-1614;6.05.2024;May;Kross;Level Mini;Dziecięcy;Gdańsk;900;1299;399
ORD-2024-1596;6.05.2024;May;Specialized;Allez;Szosowy;Bydgoszcz;4500;6199;1699
ORD-2024-1113;6.05.2024;May;Romet;Aspre 1;Gravel;Łódź;2600;3699;1099
ORD-2024-1072;7.05.2024;May;Kross;Hexagon 5.0;MTB;Kraków;1600;2199;599
ORD-2024-1289;8.05.2024;May;Giant;Escape City;Miejski;Wrocław;2300;3199;899
ORD-2024-1107;8.05.2024;May;Trek;Domane AL 2;Szosowy;Bydgoszcz;3800;5299;1499
ORD-2024-1659;8.05.2024;May;Romet;Gazela 4;Miejski;Lublin;1800;2499;699
ORD-2024-1400;9.05.2024;May;Giant;Talon 2;MTB;Katowice;2400;3299;899
ORD-2024-1225;10.05.2024;May;Cube;Aim Pro;MTB;Łódź;2200;2999;799
ORD-2024-1538;10.05.2024;May;Kross;Esker 6.0;Gravel;Wrocław;5800;7999;2199
ORD-2024-1297;10.05.2024;May;Romet;Aspre 1;Gravel;Katowice;2600;3699;1099
ORD-2024-1912;10.05.2024;May;Kross;Trans 5.0;Miejski;Gdańsk;2100;2899;799
ORD-2024-1838;11.05.2024;May;Romet;Jolene 24;Dziecięcy;Łódź;850;1199;349
ORD-2024-1992;11.05.2024;May;Kross;Level Mini;Dziecięcy;Warszawa;900;1299;399
ORD-2024-1590;12.05.2024;May;Trek;Checkpoint ALR 4;Gravel;Wrocław;7500;9999;2499
ORD-2024-1559;12.05.2024;May;Romet;Huragan 3;Szosowy;Katowice;3200;4499;1299
ORD-2024-1962;12.05.2024;May;Kross;Vento 2.0;Szosowy;Wrocław;2800;3899;1099
ORD-2024-1233;12.05.2024;May;Romet;Huragan 3;Szosowy;Bydgoszcz;3200;4499;1299
ORD-2024-1199;12.05.2024;May;Woom;4 Original;Dziecięcy;Bydgoszcz;1900;2599;699
ORD-2024-1524;13.05.2024;May;Romet;Gazela 4;Miejski;Bydgoszcz;1800;2499;699
ORD-2024-1894;13.05.2024;May;Woom;4 Original;Dziecięcy;Szczecin;1900;2599;699
ORD-2024-1488;13.05.2024;May;Kross;Esker 6.0;Gravel;Katowice;5800;7999;2199
ORD-2024-1489;13.05.2024;May;Giant;Revolt 2;Gravel;Warszawa;4900;6799;1899
ORD-2024-1581;13.05.2024;May;Trek;Marlin 6;MTB;Katowice;2600;3599;999
ORD-2024-1134;13.05.2024;May;Kross;Esker 6.0;Gravel;Warszawa;5800;7999;2199
ORD-2024-1222;14.05.2024;May;Romet;Mustang M2;MTB;Lublin;2100;2999;899
ORD-2024-1677;14.05.2024;May;Cube;Aim Pro;MTB;Katowice;2200;2999;799
ORD-2024-1265;14.05.2024;May;Giant;Revolt 2;Gravel;Łódź;4900;6799;1899
ORD-2024-1122;14.05.2024;May;Trek;Marlin 6;MTB;Wrocław;2600;3599;999
ORD-2024-1442;14.05.2024;May;Romet;Gazela 4;Miejski;Szczecin;1800;2499;699
ORD-2024-1332;15.05.2024;May;Cube;Aim Pro;MTB;Katowice;2200;2999;799
ORD-2024-1537;15.05.2024;May;Trek;Checkpoint ALR 4;Gravel;Warszawa;7500;9999;2499
ORD-2024-1672;15.05.2024;May;Trek;District 1;Miejski;Warszawa;2900;3999;1099
ORD-2024-1966;15.05.2024;May;Kross;Hexagon 5.0;MTB;Katowice;1600;2199;599
ORD-2024-1088;15.05.2024;May;Specialized;Allez;Szosowy;Katowice;4500;6199;1699
ORD-2024-1019;15.05.2024;May;Romet;Aspre 1;Gravel;Wrocław;2600;3699;1099
ORD-2024-1843;16.05.2024;May;Trek;Marlin 6;MTB;Poznań;2600;3599;999
ORD-2024-1967;16.05.2024;May;Specialized;Rockhopper Sport;MTB;Szczecin;2500;3499;999
ORD-2024-1951;16.05.2024;May;Specialized;Allez;Szosowy;Warszawa;4500;6199;1699
ORD-2024-1615;16.05.2024;May;Kross;Esker 1.0;Gravel;Bydgoszcz;2300;3199;899
ORD-2024-1416;16.05.2024;May;Romet;Mustang M2;MTB;Szczecin;2100;2999;899
ORD-2024-1502;16.05.2024;May;Romet;Mustang M2;MTB;Lublin;2100;2999;899
ORD-2024-1921;17.05.2024;May;Romet;Boreas 2;Gravel;Kraków;4200;5899;1699
ORD-2024-1657;17.05.2024;May;Romet;Boreas 2;Gravel;Katowice;4200;5899;1699
ORD-2024-1933;17.05.2024;May;Kross;Trans 5.0;Miejski;Szczecin;2100;2899;799
ORD-2024-1181;17.05.2024;May;Giant;Revolt 2;Gravel;Bydgoszcz;4900;6799;1899
ORD-2024-1805;17.05.2024;May;Kross;Trans 5.0;Miejski;Kraków;2100;2899;799
ORD-2024-1386;18.05.2024;May;Romet;Boreas 2;Gravel;Łódź;4200;5899;1699
ORD-2024-1393;18.05.2024;May;Kross;Level Mini;Dziecięcy;Kraków;900;1299;399
ORD-2024-1512;18.05.2024;May;Kross;Esker 6.0;Gravel;Wrocław;5800;7999;2199
ORD-2024-1682;18.05.2024;May;Kross;Esker 6.0;Gravel;Gdańsk;5800;7999;2199
ORD-2024-1715;18.05.2024;May;Kross;Esker 6.0;Gravel;Kraków;5800;7999;2199
ORD-2024-1298;19.05.2024;May;Kross;Trans 5.0;Miejski;Kraków;2100;2899;799
ORD-2024-1120;20.05.2024;May;Woom;4 Original;Dziecięcy;Kraków;1900;2599;699
ORD-2024-1118;20.05.2024;May;Romet;Huragan 3;Szosowy;Gdańsk;3200;4499;1299
ORD-2024-1140;20.05.2024;May;Kross;Hexagon 5.0;MTB;Wrocław;1600;2199;599
ORD-2024-1986;20.05.2024;May;Trek;District 1;Miejski;Poznań;2900;3999;1099
ORD-2024-1656;21.05.2024;May;Cube;Nuroad Pro;Gravel;Katowice;4600;6299;1699
ORD-2024-1046;21.05.2024;May;Kross;Esker 6.0;Gravel;Lublin;5800;7999;2199
ORD-2024-1188;21.05.2024;May;Romet;Gazela 4;Miejski;Gdańsk;1800;2499;699
ORD-2024-1437;21.05.2024;May;Specialized;Allez;Szosowy;Łódź;4500;6199;1699
ORD-2024-1245;21.05.2024;May;Romet;Jolene 24;Dziecięcy;Bydgoszcz;850;1199;349
ORD-2024-1448;21.05.2024;May;Romet;Jolene 24;Dziecięcy;Gdańsk;850;1199;349
ORD-2024-1959;21.05.2024;May;Giant;Escape City;Miejski;Lublin;2300;3199;899
ORD-2024-1184;22.05.2024;May;Trek;Checkpoint ALR 4;Gravel;Wrocław;7500;9999;2499
ORD-2024-1318;22.05.2024;May;Romet;Gazela 4;Miejski;Łódź;1800;2499;699
ORD-2024-1166;22.05.2024;May;Trek;District 1;Miejski;Lublin;2900;3999;1099
ORD-2024-1860;22.05.2024;May;Woom;4 Original;Dziecięcy;Bydgoszcz;1900;2599;699
ORD-2024-1350;23.05.2024;May;Kross;Esker 6.0;Gravel;Bydgoszcz;5800;7999;2199
ORD-2024-1974;23.05.2024;May;Trek;Marlin 6;MTB;Warszawa;2600;3599;999
ORD-2024-1945;23.05.2024;May;Cube;Aim Pro;MTB;Łódź;2200;2999;799
ORD-2024-1723;23.05.2024;May;Kross;Esker 1.0;Gravel;Poznań;2300;3199;899
ORD-2024-1250;23.05.2024;May;Kross;Trans 5.0;Miejski;Łódź;2100;2899;799
ORD-2024-1085;24.05.2024;May;Kross;Trans 5.0;Miejski;Bydgoszcz;2100;2899;799
ORD-2024-1639;24.05.2024;May;Trek;Checkpoint ALR 4;Gravel;Warszawa;7500;9999;2499
ORD-2024-1433;24.05.2024;May;Romet;Jolene 24;Dziecięcy;Szczecin;850;1199;349
ORD-2024-1482;24.05.2024;May;Kross;Level Mini;Dziecięcy;Poznań;900;1299;399
ORD-2024-1466;24.05.2024;May;Giant;Talon 2;MTB;Lublin;2400;3299;899
ORD-2024-1991;25.05.2024;May;Specialized;Allez;Szosowy;Gdańsk;4500;6199;1699
ORD-2024-1983;25.05.2024;May;Kross;Trans 5.0;Miejski;Szczecin;2100;2899;799
ORD-2024-1223;25.05.2024;May;Giant;Revolt 2;Gravel;Łódź;4900;6799;1899
ORD-2024-1204;25.05.2024;May;Kross;Trans 5.0;Miejski;Wrocław;2100;2899;799
ORD-2024-1834;25.05.2024;May;Woom;4 Original;Dziecięcy;Katowice;1900;2599;699
ORD-2024-1030;25.05.2024;May;Romet;Aspre 1;Gravel;Wrocław;2600;3699;1099
ORD-2024-1349;25.05.2024;May;Romet;Jolene 24;Dziecięcy;Bydgoszcz;850;1199;349
ORD-2024-1526;25.05.2024;May;Giant;Escape City;Miejski;Łódź;2300;3199;899
ORD-2024-1915;25.05.2024;May;Kross;Hexagon 5.0;MTB;Poznań;1600;2199;599
ORD-2024-1640;25.05.2024;May;Romet;Gazela 4;Miejski;Warszawa;1800;2499;699
ORD-2024-1151;26.05.2024;May;Woom;4 Original;Dziecięcy;Katowice;1900;2599;699
ORD-2024-1815;27.05.2024;May;Specialized;Allez;Szosowy;Kraków;4500;6199;1699
ORD-2024-1044;27.05.2024;May;Cube;Nuroad Pro;Gravel;Łódź;4600;6299;1699
ORD-2024-1909;27.05.2024;May;Giant;Contend AR 3;Szosowy;Warszawa;4100;5699;1599
ORD-2024-1773;28.05.2024;May;Romet;Jolene 24;Dziecięcy;Wrocław;850;1199;349
ORD-2024-1235;28.05.2024;May;Romet;Mustang M2;MTB;Lublin;2100;2999;899
ORD-2024-1187;28.05.2024;May;Trek;Domane AL 2;Szosowy;Warszawa;3800;5299;1499
ORD-2024-1111;29.05.2024;May;Kross;Esker 1.0;Gravel;Kraków;2300;3199;899
ORD-2024-1748;29.05.2024;May;Kross;Vento 2.0;Szosowy;Gdańsk;2800;3899;1099
ORD-2024-1079;29.05.2024;May;Giant;Escape City;Miejski;Lublin;2300;3199;899
ORD-2024-1472;29.05.2024;May;Cube;Aim Pro;MTB;Bydgoszcz;2200;2999;799
ORD-2024-1192;29.05.2024;May;Trek;Domane AL 2;Szosowy;Szczecin;3800;5299;1499
ORD-2024-1012;30.05.2024;May;Romet;Huragan 3;Szosowy;Poznań;3200;4499;1299
ORD-2024-1446;30.05.2024;May;Trek;Checkpoint ALR 4;Gravel;Bydgoszcz;7500;9999;2499
ORD-2024-1927;31.05.2024;May;Kross;Esker 1.0;Gravel;Łódź;2300;3199;899
ORD-2024-1361;31.05.2024;May;Cube;Aim Pro;MTB;Lublin;2200;2999;799
ORD-2024-1794;31.05.2024;May;Giant;Escape City;Miejski;Katowice;2300;3199;899
ORD-2024-1941;1.06.2024;June;Romet;Huragan 3;Szosowy;Poznań;3200;4499;1299
ORD-2024-1653;1.06.2024;June;Kross;Level Mini;Dziecięcy;Lublin;900;1299;399
ORD-2024-1406;1.06.2024;June;Kross;Trans 5.0;Miejski;Gdańsk;2100;2899;799
ORD-2024-1099;1.06.2024;June;Trek;Domane AL 2;Szosowy;Łódź;3800;5299;1499
ORD-2024-1138;1.06.2024;June;Kross;Esker 1.0;Gravel;Łódź;2300;3199;899
ORD-2024-1971;2.06.2024;June;Romet;Huragan 3;Szosowy;Katowice;3200;4499;1299
ORD-2024-1373;2.06.2024;June;Trek;Marlin 6;MTB;Lublin;2600;3599;999
ORD-2024-1094;2.06.2024;June;Romet;Aspre 1;Gravel;Lublin;2600;3699;1099
ORD-2024-1727;2.06.2024;June;Specialized;Rockhopper Sport;MTB;Szczecin;2500;3499;999
ORD-2024-1788;3.06.2024;June;Kross;Level Mini;Dziecięcy;Gdańsk;900;1299;399
ORD-2024-1699;3.06.2024;June;Kross;Vento 2.0;Szosowy;Kraków;2800;3899;1099
ORD-2024-1464;3.06.2024;June;Kross;Esker 1.0;Gravel;Kraków;2300;3199;899
ORD-2024-1033;3.06.2024;June;Romet;Jolene 24;Dziecięcy;Katowice;850;1199;349
ORD-2024-1436;3.06.2024;June;Cube;Aim Pro;MTB;Poznań;2200;2999;799
ORD-2024-1542;3.06.2024;June;Kross;Trans 5.0;Miejski;Kraków;2100;2899;799
ORD-2024-1722;3.06.2024;June;Kross;Trans 5.0;Miejski;Bydgoszcz;2100;2899;799
ORD-2024-1348;4.06.2024;June;Trek;Checkpoint ALR 4;Gravel;Warszawa;7500;9999;2499
ORD-2024-1281;4.06.2024;June;Romet;Huragan 3;Szosowy;Warszawa;3200;4499;1299
ORD-2024-1255;4.06.2024;June;Giant;Talon 2;MTB;Kraków;2400;3299;899
ORD-2024-1262;4.06.2024;June;Cube;Aim Pro;MTB;Bydgoszcz;2200;2999;799
ORD-2024-1893;4.06.2024;June;Giant;Escape City;Miejski;Gdańsk;2300;3199;899
ORD-2024-1023;4.06.2024;June;Romet;Jolene 24;Dziecięcy;Wrocław;850;1199;349
ORD-2024-1368;5.06.2024;June;Romet;Jolene 24;Dziecięcy;Bydgoszcz;850;1199;349
ORD-2024-1034;5.06.2024;June;Cube;Nuroad Pro;Gravel;Poznań;4600;6299;1699
ORD-2024-1256;6.06.2024;June;Cube;Nuroad Pro;Gravel;Poznań;4600;6299;1699
ORD-2024-1763;6.06.2024;June;Woom;4 Original;Dziecięcy;Warszawa;1900;2599;699
ORD-2024-1870;6.06.2024;June;Cube;Nuroad Pro;Gravel;Gdańsk;4600;6299;1699
ORD-2024-1830;6.06.2024;June;Trek;District 1;Miejski;Kraków;2900;3999;1099
ORD-2024-1458;6.06.2024;June;Giant;Revolt 2;Gravel;Kraków;4900;6799;1899
ORD-2024-1874;7.06.2024;June;Kross;Esker 1.0;Gravel;Lublin;2300;3199;899
ORD-2024-1330;7.06.2024;June;Specialized;Rockhopper Sport;MTB;Szczecin;2500;3499;999
ORD-2024-1738;7.06.2024;June;Specialized;Allez;Szosowy;Bydgoszcz;4500;6199;1699
ORD-2024-1164;7.06.2024;June;Specialized;Rockhopper Sport;MTB;Łódź;2500;3499;999
ORD-2024-1492;7.06.2024;June;Romet;Aspre 1;Gravel;Bydgoszcz;2600;3699;1099
ORD-2024-1146;8.06.2024;June;Kross;Hexagon 5.0;MTB;Bydgoszcz;1600;2199;599
ORD-2024-1585;8.06.2024;June;Kross;Trans 5.0;Miejski;Gdańsk;2100;2899;799
ORD-2024-1663;8.06.2024;June;Kross;Hexagon 5.0;MTB;Wrocław;1600;2199;599
ORD-2024-1719;9.06.2024;June;Giant;Talon 2;MTB;Gdańsk;2400;3299;899
ORD-2024-1670;9.06.2024;June;Giant;Revolt 2;Gravel;Szczecin;4900;6799;1899
ORD-2024-1115;9.06.2024;June;Trek;Checkpoint ALR 4;Gravel;Warszawa;7500;9999;2499
ORD-2024-1547;9.06.2024;June;Kross;Esker 6.0;Gravel;Łódź;5800;7999;2199
ORD-2024-1595;10.06.2024;June;Trek;District 1;Miejski;Warszawa;2900;3999;1099
ORD-2024-1583;10.06.2024;June;Giant;Revolt 2;Gravel;Wrocław;4900;6799;1899
ORD-2024-1266;10.06.2024;June;Romet;Aspre 1;Gravel;Lublin;2600;3699;1099
ORD-2024-1872;10.06.2024;June;Kross;Esker 1.0;Gravel;Wrocław;2300;3199;899
ORD-2024-1876;11.06.2024;June;Cube;Nuroad Pro;Gravel;Wrocław;4600;6299;1699
ORD-2024-1783;11.06.2024;June;Specialized;Rockhopper Sport;MTB;Łódź;2500;3499;999
ORD-2024-1565;11.06.2024;June;Giant;Revolt 2;Gravel;Warszawa;4900;6799;1899
ORD-2024-1217;11.06.2024;June;Romet;Huragan 3;Szosowy;Kraków;3200;4499;1299
ORD-2024-1599;11.06.2024;June;Trek;Domane AL 2;Szosowy;Kraków;3800;5299;1499
ORD-2024-1279;11.06.2024;June;Kross;Hexagon 5.0;MTB;Gdańsk;1600;2199;599
ORD-2024-1841;11.06.2024;June;Romet;Gazela 4;Miejski;Łódź;1800;2499;699
ORD-2024-1602;11.06.2024;June;Kross;Trans 5.0;Miejski;Lublin;2100;2899;799
ORD-2024-1970;12.06.2024;June;Kross;Trans 5.0;Miejski;Katowice;2100;2899;799
ORD-2024-1861;12.06.2024;June;Kross;Trans 5.0;Miejski;Łódź;2100;2899;799
ORD-2024-1777;12.06.2024;June;Romet;Huragan 3;Szosowy;Katowice;3200;4499;1299
ORD-2024-1299;12.06.2024;June;Romet;Boreas 2;Gravel;Katowice;4200;5899;1699
ORD-2024-1932;12.06.2024;June;Specialized;Allez;Szosowy;Katowice;4500;6199;1699
ORD-2024-1885;12.06.2024;June;Giant;Contend AR 3;Szosowy;Gdańsk;4100;5699;1599
ORD-2024-1295;12.06.2024;June;Giant;Contend AR 3;Szosowy;Katowice;4100;5699;1599
ORD-2024-1451;13.06.2024;June;Kross;Hexagon 5.0;MTB;Poznań;1600;2199;599
ORD-2024-1337;13.06.2024;June;Woom;4 Original;Dziecięcy;Łódź;1900;2599;699
ORD-2024-1375;14.06.2024;June;Romet;Boreas 2;Gravel;Poznań;4200;5899;1699
ORD-2024-1554;14.06.2024;June;Romet;Huragan 3;Szosowy;Kraków;3200;4499;1299
ORD-2024-1241;14.06.2024;June;Kross;Esker 1.0;Gravel;Katowice;2300;3199;899
ORD-2024-1754;15.06.2024;June;Romet;Jolene 24;Dziecięcy;Wrocław;850;1199;349
ORD-2024-1886;15.06.2024;June;Giant;Revolt 2;Gravel;Szczecin;4900;6799;1899
ORD-2024-1697;15.06.2024;June;Woom;4 Original;Dziecięcy;Warszawa;1900;2599;699
ORD-2024-1919;15.06.2024;June;Kross;Level Mini;Dziecięcy;Warszawa;900;1299;399
ORD-2024-1157;16.06.2024;June;Kross;Vento 2.0;Szosowy;Szczecin;2800;3899;1099
ORD-2024-1522;16.06.2024;June;Specialized;Allez;Szosowy;Szczecin;4500;6199;1699
ORD-2024-1390;17.06.2024;June;Trek;Domane AL 2;Szosowy;Bydgoszcz;3800;5299;1499
ORD-2024-1693;17.06.2024;June;Trek;Checkpoint ALR 4;Gravel;Kraków;7500;9999;2499
ORD-2024-1039;17.06.2024;June;Romet;Boreas 2;Gravel;Gdańsk;4200;5899;1699
ORD-2024-1070;17.06.2024;June;Specialized;Allez;Szosowy;Warszawa;4500;6199;1699
ORD-2024-1695;17.06.2024;June;Trek;Domane AL 2;Szosowy;Łódź;3800;5299;1499
ORD-2024-1878;17.06.2024;June;Kross;Esker 1.0;Gravel;Kraków;2300;3199;899
ORD-2024-1801;17.06.2024;June;Romet;Boreas 2;Gravel;Kraków;4200;5899;1699
ORD-2024-1150;17.06.2024;June;Romet;Gazela 4;Miejski;Bydgoszcz;1800;2499;699
ORD-2024-1685;18.06.2024;June;Kross;Esker 1.0;Gravel;Lublin;2300;3199;899
ORD-2024-1914;18.06.2024;June;Kross;Esker 1.0;Gravel;Poznań;2300;3199;899
ORD-2024-1867;18.06.2024;June;Giant;Contend AR 3;Szosowy;Łódź;4100;5699;1599
ORD-2024-1849;18.06.2024;June;Giant;Escape City;Miejski;Warszawa;2300;3199;899
ORD-2024-1863;19.06.2024;June;Kross;Esker 1.0;Gravel;Warszawa;2300;3199;899
ORD-2024-1840;19.06.2024;June;Trek;Marlin 6;MTB;Warszawa;2600;3599;999
ORD-2024-1700;19.06.2024;June;Romet;Mustang M2;MTB;Kraków;2100;2999;899
ORD-2024-1247;19.06.2024;June;Trek;Marlin 6;MTB;Łódź;2600;3599;999
ORD-2024-1172;20.06.2024;June;Woom;4 Original;Dziecięcy;Gdańsk;1900;2599;699
ORD-2024-1880;20.06.2024;June;Giant;Escape City;Miejski;Wrocław;2300;3199;899
ORD-2024-1308;20.06.2024;June;Specialized;Allez;Szosowy;Łódź;4500;6199;1699
ORD-2024-1290;20.06.2024;June;Trek;Marlin 6;MTB;Wrocław;2600;3599;999
ORD-2024-1097;20.06.2024;June;Trek;District 1;Miejski;Katowice;2900;3999;1099
ORD-2024-1871;21.06.2024;June;Trek;Checkpoint ALR 4;Gravel;Gdańsk;7500;9999;2499
ORD-2024-1645;21.06.2024;June;Giant;Talon 2;MTB;Szczecin;2400;3299;899
ORD-2024-1470;21.06.2024;June;Trek;Marlin 6;MTB;Szczecin;2600;3599;999
ORD-2024-1459;21.06.2024;June;Specialized;Allez;Szosowy;Lublin;4500;6199;1699
ORD-2024-1419;21.06.2024;June;Specialized;Allez;Szosowy;Łódź;4500;6199;1699
ORD-2024-1496;22.06.2024;June;Trek;Domane AL 2;Szosowy;Bydgoszcz;3800;5299;1499
ORD-2024-1379;22.06.2024;June;Cube;Aim Pro;MTB;Bydgoszcz;2200;2999;799
ORD-2024-1536;22.06.2024;June;Kross;Esker 1.0;Gravel;Katowice;2300;3199;899
ORD-2024-1652;22.06.2024;June;Romet;Gazela 4;Miejski;Bydgoszcz;1800;2499;699
ORD-2024-1804;22.06.2024;June;Giant;Escape City;Miejski;Wrocław;2300;3199;899
ORD-2024-1975;22.06.2024;June;Kross;Trans 5.0;Miejski;Bydgoszcz;2100;2899;799
ORD-2024-1935;22.06.2024;June;Trek;District 1;Miejski;Bydgoszcz;2900;3999;1099
ORD-2024-1907;22.06.2024;June;Kross;Hexagon 5.0;MTB;Łódź;1600;2199;599
ORD-2024-1896;23.06.2024;June;Romet;Aspre 1;Gravel;Łódź;2600;3699;1099
ORD-2024-1507;23.06.2024;June;Kross;Esker 1.0;Gravel;Katowice;2300;3199;899
ORD-2024-1605;23.06.2024;June;Specialized;Rockhopper Sport;MTB;Bydgoszcz;2500;3499;999
ORD-2024-1154;23.06.2024;June;Trek;Domane AL 2;Szosowy;Wrocław;3800;5299;1499
ORD-2024-1251;23.06.2024;June;Cube;Nuroad Pro;Gravel;Warszawa;4600;6299;1699
ORD-2024-1713;23.06.2024;June;Kross;Esker 1.0;Gravel;Wrocław;2300;3199;899
ORD-2024-1733;23.06.2024;June;Giant;Talon 2;MTB;Lublin;2400;3299;899
ORD-2024-1049;24.06.2024;June;Trek;Checkpoint ALR 4;Gravel;Kraków;7500;9999;2499
ORD-2024-1083;24.06.2024;June;Trek;Marlin 6;MTB;Wrocław;2600;3599;999
ORD-2024-1407;24.06.2024;June;Romet;Jolene 24;Dziecięcy;Gdańsk;850;1199;349
ORD-2024-1601;24.06.2024;June;Woom;4 Original;Dziecięcy;Szczecin;1900;2599;699
ORD-2024-1128;24.06.2024;June;Romet;Aspre 1;Gravel;Łódź;2600;3699;1099
ORD-2024-1662;24.06.2024;June;Trek;Domane AL 2;Szosowy;Szczecin;3800;5299;1499
ORD-2024-1515;25.06.2024;June;Romet;Aspre 1;Gravel;Kraków;2600;3699;1099
ORD-2024-1004;25.06.2024;June;Trek;Domane AL 2;Szosowy;Bydgoszcz;3800;5299;1499
ORD-2024-1311;25.06.2024;June;Woom;4 Original;Dziecięcy;Katowice;1900;2599;699
ORD-2024-1709;25.06.2024;June;Giant;Talon 2;MTB;Katowice;2400;3299;899
ORD-2024-1567;25.06.2024;June;Woom;4 Original;Dziecięcy;Katowice;1900;2599;699
ORD-2024-1630;27.06.2024;June;Romet;Jolene 24;Dziecięcy;Łódź;850;1199;349
ORD-2024-1510;27.06.2024;June;Giant;Contend AR 3;Szosowy;Gdańsk;4100;5699;1599
ORD-2024-1137;27.06.2024;June;Romet;Boreas 2;Gravel;Szczecin;4200;5899;1699
ORD-2024-1341;27.06.2024;June;Giant;Escape City;Miejski;Katowice;2300;3199;899
ORD-2024-1259;27.06.2024;June;Romet;Gazela 4;Miejski;Wrocław;1800;2499;699
ORD-2024-1845;28.06.2024;June;Kross;Vento 2.0;Szosowy;Lublin;2800;3899;1099
ORD-2024-1691;28.06.2024;June;Giant;Escape City;Miejski;Kraków;2300;3199;899
ORD-2024-1003;28.06.2024;June;Kross;Esker 1.0;Gravel;Poznań;2300;3199;899
ORD-2024-1811;28.06.2024;June;Kross;Esker 1.0;Gravel;Lublin;2300;3199;899
ORD-2024-1041;28.06.2024;June;Romet;Huragan 3;Szosowy;Gdańsk;3200;4499;1299
ORD-2024-1681;28.06.2024;June;Woom;4 Original;Dziecięcy;Szczecin;1900;2599;699
ORD-2024-1950;29.06.2024;June;Trek;District 1;Miejski;Kraków;2900;3999;1099
ORD-2024-1930;29.06.2024;June;Kross;Level Mini;Dziecięcy;Kraków;900;1299;399
ORD-2024-1110;29.06.2024;June;Specialized;Allez;Szosowy;Łódź;4500;6199;1699
ORD-2024-1267;29.06.2024;June;Romet;Boreas 2;Gravel;Gdańsk;4200;5899;1699
ORD-2024-1371;29.06.2024;June;Specialized;Allez;Szosowy;Lublin;4500;6199;1699
ORD-2024-1124;30.06.2024;June;Romet;Boreas 2;Gravel;Szczecin;4200;5899;1699
ORD-2024-1756;30.06.2024;June;Kross;Esker 6.0;Gravel;Kraków;5800;7999;2199
ORD-2024-1230;30.06.2024;June;Giant;Talon 2;MTB;Gdańsk;2400;3299;899
ORD-2024-1908;30.06.2024;June;Trek;Marlin 6;MTB;Gdańsk;2600;3599;999
ORD-2024-1323;30.06.2024;June;Woom;4 Original;Dziecięcy;Warszawa;1900;2599;699
ORD-2024-1917;30.06.2024;June;Woom;4 Original;Dziecięcy;Lublin;1900;2599;699
ORD-2024-1613;30.06.2024;June;Trek;Domane AL 2;Szosowy;Kraków;3800;5299;1499
ORD-2024-1623;1.07.2024;July;Kross;Esker 6.0;Gravel;Wrocław;5800;7999;2199
ORD-2024-1955;1.07.2024;July;Cube;Nuroad Pro;Gravel;Łódź;4600;6299;1699
ORD-2024-1270;1.07.2024;July;Kross;Level Mini;Dziecięcy;Lublin;900;1299;399
ORD-2024-1108;1.07.2024;July;Kross;Vento 2.0;Szosowy;Warszawa;2800;3899;1099
ORD-2024-1920;1.07.2024;July;Kross;Esker 6.0;Gravel;Kraków;5800;7999;2199
ORD-2024-1549;1.07.2024;July;Romet;Aspre 1;Gravel;Bydgoszcz;2600;3699;1099
ORD-2024-1189;1.07.2024;July;Romet;Huragan 3;Szosowy;Poznań;3200;4499;1299
ORD-2024-1557;1.07.2024;July;Kross;Vento 2.0;Szosowy;Kraków;2800;3899;1099
ORD-2024-1315;1.07.2024;July;Romet;Gazela 4;Miejski;Lublin;1800;2499;699
ORD-2024-1980;2.07.2024;July;Romet;Aspre 1;Gravel;Kraków;2600;3699;1099
ORD-2024-1925;2.07.2024;July;Romet;Gazela 4;Miejski;Katowice;1800;2499;699
ORD-2024-1534;3.07.2024;July;Giant;Contend AR 3;Szosowy;Warszawa;4100;5699;1599
ORD-2024-1180;3.07.2024;July;Trek;Marlin 6;MTB;Wrocław;2600;3599;999
ORD-2024-1362;4.07.2024;July;Specialized;Rockhopper Sport;MTB;Lublin;2500;3499;999
ORD-2024-1875;4.07.2024;July;Kross;Hexagon 5.0;MTB;Gdańsk;1600;2199;599
ORD-2024-1612;4.07.2024;July;Specialized;Rockhopper Sport;MTB;Warszawa;2500;3499;999
ORD-2024-1953;4.07.2024;July;Cube;Nuroad Pro;Gravel;Bydgoszcz;4600;6299;1699
ORD-2024-1527;4.07.2024;July;Romet;Aspre 1;Gravel;Lublin;2600;3699;1099
ORD-2024-1268;5.07.2024;July;Kross;Trans 5.0;Miejski;Wrocław;2100;2899;799
ORD-2024-1636;5.07.2024;July;Romet;Jolene 24;Dziecięcy;Poznań;850;1199;349
ORD-2024-1746;5.07.2024;July;Trek;Domane AL 2;Szosowy;Warszawa;3800;5299;1499
ORD-2024-1753;5.07.2024;July;Romet;Aspre 1;Gravel;Szczecin;2600;3699;1099
ORD-2024-1252;6.07.2024;July;Cube;Nuroad Pro;Gravel;Gdańsk;4600;6299;1699
ORD-2024-1462;6.07.2024;July;Kross;Esker 1.0;Gravel;Gdańsk;2300;3199;899
ORD-2024-1736;6.07.2024;July;Specialized;Allez;Szosowy;Kraków;4500;6199;1699
ORD-2024-1185;6.07.2024;July;Romet;Mustang M2;MTB;Poznań;2100;2999;899
ORD-2024-1747;6.07.2024;July;Giant;Contend AR 3;Szosowy;Szczecin;4100;5699;1599
ORD-2024-1167;7.07.2024;July;Cube;Aim Pro;MTB;Lublin;2200;2999;799
ORD-2024-1026;7.07.2024;July;Cube;Nuroad Pro;Gravel;Lublin;4600;6299;1699
ORD-2024-1739;7.07.2024;July;Trek;District 1;Miejski;Kraków;2900;3999;1099
ORD-2024-1701;7.07.2024;July;Romet;Huragan 3;Szosowy;Łódź;3200;4499;1299
ORD-2024-1587;8.07.2024;July;Trek;Checkpoint ALR 4;Gravel;Szczecin;7500;9999;2499
ORD-2024-1716;8.07.2024;July;Kross;Esker 1.0;Gravel;Wrocław;2300;3199;899
ORD-2024-1810;9.07.2024;July;Trek;Checkpoint ALR 4;Gravel;Lublin;7500;9999;2499
ORD-2024-1392;9.07.2024;July;Specialized;Rockhopper Sport;MTB;Gdańsk;2500;3499;999
ORD-2024-1827;9.07.2024;July;Kross;Trans 5.0;Miejski;Katowice;2100;2899;799
ORD-2024-1443;10.07.2024;July;Giant;Escape City;Miejski;Gdańsk;2300;3199;899
ORD-2024-1221;10.07.2024;July;Giant;Escape City;Miejski;Szczecin;2300;3199;899
ORD-2024-1556;10.07.2024;July;Specialized;Rockhopper Sport;MTB;Gdańsk;2500;3499;999
ORD-2024-1984;11.07.2024;July;Kross;Vento 2.0;Szosowy;Warszawa;2800;3899;1099
ORD-2024-1285;11.07.2024;July;Romet;Huragan 3;Szosowy;Łódź;3200;4499;1299
ORD-2024-1702;11.07.2024;July;Giant;Contend AR 3;Szosowy;Poznań;4100;5699;1599
ORD-2024-1641;11.07.2024;July;Romet;Huragan 3;Szosowy;Łódź;3200;4499;1299
ORD-2024-1731;11.07.2024;July;Trek;Marlin 6;MTB;Wrocław;2600;3599;999
ORD-2024-1703;11.07.2024;July;Kross;Level Mini;Dziecięcy;Poznań;900;1299;399
ORD-2024-1303;11.07.2024;July;Giant;Revolt 2;Gravel;Wrocław;4900;6799;1899
ORD-2024-1877;12.07.2024;July;Specialized;Allez;Szosowy;Łódź;4500;6199;1699
ORD-2024-1380;12.07.2024;July;Kross;Esker 6.0;Gravel;Szczecin;5800;7999;2199
ORD-2024-1666;12.07.2024;July;Kross;Esker 1.0;Gravel;Lublin;2300;3199;899
ORD-2024-1651;13.07.2024;July;Trek;Marlin 6;MTB;Katowice;2600;3599;999
ORD-2024-1881;13.07.2024;July;Kross;Level Mini;Dziecięcy;Lublin;900;1299;399
ORD-2024-1082;13.07.2024;July;Specialized;Rockhopper Sport;MTB;Bydgoszcz;2500;3499;999
ORD-2024-1618;13.07.2024;July;Romet;Gazela 4;Miejski;Szczecin;1800;2499;699
ORD-2024-1213;13.07.2024;July;Romet;Boreas 2;Gravel;Lublin;4200;5899;1699
ORD-2024-1897;14.07.2024;July;Kross;Vento 2.0;Szosowy;Lublin;2800;3899;1099
ORD-2024-1020;14.07.2024;July;Kross;Vento 2.0;Szosowy;Szczecin;2800;3899;1099
ORD-2024-1136;14.07.2024;July;Giant;Contend AR 3;Szosowy;Łódź;4100;5699;1599
ORD-2024-1283;14.07.2024;July;Trek;District 1;Miejski;Gdańsk;2900;3999;1099
ORD-2024-1460;15.07.2024;July;Romet;Mustang M2;MTB;Kraków;2100;2999;899
ORD-2024-1803;15.07.2024;July;Trek;Marlin 6;MTB;Poznań;2600;3599;999
ORD-2024-1916;15.07.2024;July;Giant;Revolt 2;Gravel;Kraków;4900;6799;1899
ORD-2024-1037;15.07.2024;July;Romet;Mustang M2;MTB;Katowice;2100;2999;899
ORD-2024-1902;15.07.2024;July;Specialized;Allez;Szosowy;Warszawa;4500;6199;1699
ORD-2024-1729;15.07.2024;July;Kross;Level Mini;Dziecięcy;Kraków;900;1299;399
ORD-2024-1842;15.07.2024;July;Kross;Vento 2.0;Szosowy;Kraków;2800;3899;1099
ORD-2024-1853;16.07.2024;July;Romet;Boreas 2;Gravel;Katowice;4200;5899;1699
ORD-2024-1673;16.07.2024;July;Romet;Boreas 2;Gravel;Wrocław;4200;5899;1699
ORD-2024-1209;17.07.2024;July;Trek;Domane AL 2;Szosowy;Wrocław;3800;5299;1499
ORD-2024-1277;17.07.2024;July;Kross;Level Mini;Dziecięcy;Szczecin;900;1299;399
ORD-2024-1835;17.07.2024;July;Cube;Aim Pro;MTB;Szczecin;2200;2999;799
ORD-2024-1309;17.07.2024;July;Trek;Checkpoint ALR 4;Gravel;Lublin;7500;9999;2499
ORD-2024-1051;17.07.2024;July;Kross;Esker 6.0;Gravel;Warszawa;5800;7999;2199
ORD-2024-1017;17.07.2024;July;Woom;4 Original;Dziecięcy;Lublin;1900;2599;699
ORD-2024-1516;18.07.2024;July;Romet;Huragan 3;Szosowy;Gdańsk;3200;4499;1299
ORD-2024-1628;18.07.2024;July;Trek;Domane AL 2;Szosowy;Szczecin;3800;5299;1499
ORD-2024-1848;19.07.2024;July;Kross;Vento 2.0;Szosowy;Kraków;2800;3899;1099
ORD-2024-1424;19.07.2024;July;Romet;Huragan 3;Szosowy;Kraków;3200;4499;1299
ORD-2024-1175;19.07.2024;July;Giant;Escape City;Miejski;Gdańsk;2300;3199;899
ORD-2024-1413;19.07.2024;July;Romet;Aspre 1;Gravel;Kraków;2600;3699;1099
ORD-2024-1869;20.07.2024;July;Specialized;Allez;Szosowy;Katowice;4500;6199;1699
ORD-2024-1232;20.07.2024;July;Romet;Mustang M2;MTB;Warszawa;2100;2999;899
ORD-2024-1391;20.07.2024;July;Romet;Gazela 4;Miejski;Katowice;1800;2499;699
ORD-2024-1263;20.07.2024;July;Trek;Domane AL 2;Szosowy;Warszawa;3800;5299;1499
ORD-2024-1476;20.07.2024;July;Trek;Marlin 6;MTB;Łódź;2600;3599;999
ORD-2024-1036;20.07.2024;July;Romet;Mustang M2;MTB;Kraków;2100;2999;899
ORD-2024-1899;21.07.2024;July;Woom;4 Original;Dziecięcy;Szczecin;1900;2599;699
ORD-2024-1273;21.07.2024;July;Cube;Aim Pro;MTB;Warszawa;2200;2999;799
ORD-2024-1611;21.07.2024;July;Romet;Huragan 3;Szosowy;Bydgoszcz;3200;4499;1299
ORD-2024-1561;21.07.2024;July;Kross;Esker 6.0;Gravel;Bydgoszcz;5800;7999;2199
ORD-2024-1431;21.07.2024;July;Trek;Domane AL 2;Szosowy;Gdańsk;3800;5299;1499
ORD-2024-1354;21.07.2024;July;Specialized;Allez;Szosowy;Lublin;4500;6199;1699
ORD-2024-1995;21.07.2024;July;Woom;4 Original;Dziecięcy;Kraków;1900;2599;699
ORD-2024-1969;22.07.2024;July;Specialized;Allez;Szosowy;Bydgoszcz;4500;6199;1699
ORD-2024-1183;22.07.2024;July;Giant;Contend AR 3;Szosowy;Warszawa;4100;5699;1599
ORD-2024-1084;22.07.2024;July;Kross;Vento 2.0;Szosowy;Szczecin;2800;3899;1099
ORD-2024-1674;23.07.2024;July;Romet;Jolene 24;Dziecięcy;Kraków;850;1199;349
ORD-2024-1242;23.07.2024;July;Trek;District 1;Miejski;Kraków;2900;3999;1099
ORD-2024-1818;23.07.2024;July;Giant;Contend AR 3;Szosowy;Lublin;4100;5699;1599
ORD-2024-1287;24.07.2024;July;Romet;Mustang M2;MTB;Kraków;2100;2999;899
ORD-2024-1501;24.07.2024;July;Romet;Jolene 24;Dziecięcy;Łódź;850;1199;349
ORD-2024-1545;24.07.2024;July;Kross;Esker 6.0;Gravel;Bydgoszcz;5800;7999;2199
ORD-2024-1238;24.07.2024;July;Giant;Talon 2;MTB;Lublin;2400;3299;899
ORD-2024-1633;24.07.2024;July;Giant;Escape City;Miejski;Bydgoszcz;2300;3199;899
ORD-2024-1708;25.07.2024;July;Kross;Esker 1.0;Gravel;Katowice;2300;3199;899
ORD-2024-1202;25.07.2024;July;Giant;Escape City;Miejski;Kraków;2300;3199;899
ORD-2024-1073;25.07.2024;July;Romet;Gazela 4;Miejski;Kraków;1800;2499;699
ORD-2024-1236;25.07.2024;July;Giant;Talon 2;MTB;Łódź;2400;3299;899
ORD-2024-1212;25.07.2024;July;Romet;Jolene 24;Dziecięcy;Katowice;850;1199;349
ORD-2024-1101;25.07.2024;July;Kross;Vento 2.0;Szosowy;Szczecin;2800;3899;1099
ORD-2024-1043;26.07.2024;July;Cube;Nuroad Pro;Gravel;Gdańsk;4600;6299;1699
ORD-2024-1825;26.07.2024;July;Giant;Revolt 2;Gravel;Szczecin;4900;6799;1899
ORD-2024-1574;26.07.2024;July;Giant;Escape City;Miejski;Bydgoszcz;2300;3199;899
ORD-2024-1744;27.07.2024;July;Trek;Domane AL 2;Szosowy;Warszawa;3800;5299;1499
ORD-2024-1837;27.07.2024;July;Kross;Esker 1.0;Gravel;Kraków;2300;3199;899
ORD-2024-1366;27.07.2024;July;Romet;Huragan 3;Szosowy;Wrocław;3200;4499;1299
ORD-2024-1198;28.07.2024;July;Kross;Esker 1.0;Gravel;Poznań;2300;3199;899
ORD-2024-1638;28.07.2024;July;Romet;Mustang M2;MTB;Gdańsk;2100;2999;899
ORD-2024-1704;28.07.2024;July;Specialized;Rockhopper Sport;MTB;Szczecin;2500;3499;999
ORD-2024-1706;29.07.2024;July;Kross;Esker 1.0;Gravel;Katowice;2300;3199;899
ORD-2024-1976;29.07.2024;July;Trek;Marlin 6;MTB;Gdańsk;2600;3599;999
ORD-2024-1714;30.07.2024;July;Trek;Marlin 6;MTB;Bydgoszcz;2600;3599;999
ORD-2024-1551;30.07.2024;July;Romet;Jolene 24;Dziecięcy;Bydgoszcz;850;1199;349
ORD-2024-1506;30.07.2024;July;Giant;Contend AR 3;Szosowy;Łódź;4100;5699;1599
ORD-2024-1494;30.07.2024;July;Giant;Talon 2;MTB;Gdańsk;2400;3299;899
ORD-2024-1588;1.08.2024;August;Specialized;Rockhopper Sport;MTB;Warszawa;2500;3499;999
ORD-2024-1398;1.08.2024;August;Kross;Esker 6.0;Gravel;Lublin;5800;7999;2199
ORD-2024-1109;1.08.2024;August;Romet;Aspre 1;Gravel;Kraków;2600;3699;1099
ORD-2024-1786;1.08.2024;August;Kross;Level Mini;Dziecięcy;Lublin;900;1299;399
ORD-2024-1092;2.08.2024;August;Kross;Vento 2.0;Szosowy;Poznań;2800;3899;1099
ORD-2024-1901;2.08.2024;August;Giant;Revolt 2;Gravel;Gdańsk;4900;6799;1899
ORD-2024-1011;2.08.2024;August;Kross;Trans 5.0;Miejski;Bydgoszcz;2100;2899;799
ORD-2024-1119;2.08.2024;August;Cube;Aim Pro;MTB;Łódź;2200;2999;799
ORD-2024-1457;2.08.2024;August;Kross;Esker 6.0;Gravel;Gdańsk;5800;7999;2199
ORD-2024-1660;2.08.2024;August;Romet;Jolene 24;Dziecięcy;Lublin;850;1199;349
ORD-2024-1468;2.08.2024;August;Woom;4 Original;Dziecięcy;Wrocław;1900;2599;699
ORD-2024-1850;2.08.2024;August;Trek;Checkpoint ALR 4;Gravel;Wrocław;7500;9999;2499
ORD-2024-1546;2.08.2024;August;Giant;Contend AR 3;Szosowy;Lublin;4100;5699;1599
ORD-2024-1833;3.08.2024;August;Romet;Gazela 4;Miejski;Lublin;1800;2499;699
ORD-2024-1698;3.08.2024;August;Giant;Contend AR 3;Szosowy;Lublin;4100;5699;1599
ORD-2024-1644;3.08.2024;August;Giant;Talon 2;MTB;Gdańsk;2400;3299;899
ORD-2024-1067;3.08.2024;August;Giant;Escape City;Miejski;Warszawa;2300;3199;899
ORD-2024-1152;3.08.2024;August;Cube;Aim Pro;MTB;Kraków;2200;2999;799
ORD-2024-1438;3.08.2024;August;Trek;Checkpoint ALR 4;Gravel;Katowice;7500;9999;2499
ORD-2024-1721;4.08.2024;August;Romet;Aspre 1;Gravel;Poznań;2600;3699;1099
ORD-2024-1317;4.08.2024;August;Romet;Jolene 24;Dziecięcy;Kraków;850;1199;349
ORD-2024-1780;4.08.2024;August;Giant;Talon 2;MTB;Wrocław;2400;3299;899
ORD-2024-1775;4.08.2024;August;Kross;Esker 6.0;Gravel;Szczecin;5800;7999;2199
ORD-2024-1904;4.08.2024;August;Romet;Jolene 24;Dziecięcy;Lublin;850;1199;349
ORD-2024-1584;4.08.2024;August;Giant;Contend AR 3;Szosowy;Szczecin;4100;5699;1599
ORD-2024-1802;4.08.2024;August;Romet;Huragan 3;Szosowy;Szczecin;3200;4499;1299
ORD-2024-1028;4.08.2024;August;Cube;Nuroad Pro;Gravel;Poznań;4600;6299;1699
ORD-2024-1766;4.08.2024;August;Romet;Aspre 1;Gravel;Warszawa;2600;3699;1099
ORD-2024-1883;4.08.2024;August;Giant;Revolt 2;Gravel;Katowice;4900;6799;1899
ORD-2024-1646;4.08.2024;August;Giant;Escape City;Miejski;Gdańsk;2300;3199;899
ORD-2024-1343;5.08.2024;August;Specialized;Rockhopper Sport;MTB;Wrocław;2500;3499;999
ORD-2024-1383;6.08.2024;August;Romet;Huragan 3;Szosowy;Bydgoszcz;3200;4499;1299
ORD-2024-1481;6.08.2024;August;Kross;Esker 1.0;Gravel;Katowice;2300;3199;899
ORD-2024-1479;6.08.2024;August;Cube;Nuroad Pro;Gravel;Gdańsk;4600;6299;1699
ORD-2024-1203;7.08.2024;August;Woom;4 Original;Dziecięcy;Łódź;1900;2599;699
ORD-2024-1624;7.08.2024;August;Kross;Esker 6.0;Gravel;Gdańsk;5800;7999;2199
ORD-2024-1752;7.08.2024;August;Specialized;Rockhopper Sport;MTB;Szczecin;2500;3499;999
ORD-2024-1191;7.08.2024;August;Romet;Huragan 3;Szosowy;Warszawa;3200;4499;1299
ORD-2024-1873;7.08.2024;August;Trek;Checkpoint ALR 4;Gravel;Gdańsk;7500;9999;2499
ORD-2024-1389;7.08.2024;August;Romet;Mustang M2;MTB;Katowice;2100;2999;899
ORD-2024-1887;7.08.2024;August;Giant;Revolt 2;Gravel;Lublin;4900;6799;1899
ORD-2024-1307;8.08.2024;August;Romet;Aspre 1;Gravel;Gdańsk;2600;3699;1099
ORD-2024-1683;8.08.2024;August;Romet;Aspre 1;Gravel;Wrocław;2600;3699;1099
ORD-2024-1637;8.08.2024;August;Kross;Level Mini;Dziecięcy;Poznań;900;1299;399
ORD-2024-1078;8.08.2024;August;Romet;Aspre 1;Gravel;Lublin;2600;3699;1099
ORD-2024-1463;9.08.2024;August;Romet;Aspre 1;Gravel;Kraków;2600;3699;1099
ORD-2024-1288;9.08.2024;August;Specialized;Allez;Szosowy;Wrocław;4500;6199;1699
ORD-2024-1075;9.08.2024;August;Trek;District 1;Miejski;Gdańsk;2900;3999;1099
ORD-2024-1767;9.08.2024;August;Romet;Mustang M2;MTB;Bydgoszcz;2100;2999;899
ORD-2024-1993;10.08.2024;August;Kross;Level Mini;Dziecięcy;Łódź;900;1299;399
ORD-2024-1798;10.08.2024;August;Romet;Aspre 1;Gravel;Łódź;2600;3699;1099
ORD-2024-1844;10.08.2024;August;Romet;Aspre 1;Gravel;Bydgoszcz;2600;3699;1099
ORD-2024-1014;11.08.2024;August;Specialized;Allez;Szosowy;Warszawa;4500;6199;1699
ORD-2024-1819;11.08.2024;August;Giant;Contend AR 3;Szosowy;Gdańsk;4100;5699;1599
ORD-2024-2000;11.08.2024;August;Giant;Revolt 2;Gravel;Bydgoszcz;4900;6799;1899
ORD-2024-1385;11.08.2024;August;Kross;Trans 5.0;Miejski;Bydgoszcz;2100;2899;799
ORD-2024-1957;12.08.2024;August;Romet;Huragan 3;Szosowy;Wrocław;3200;4499;1299
ORD-2024-1977;12.08.2024;August;Trek;Domane AL 2;Szosowy;Katowice;3800;5299;1499
ORD-2024-1821;12.08.2024;August;Giant;Escape City;Miejski;Lublin;2300;3199;899
ORD-2024-1978;13.08.2024;August;Trek;Marlin 6;MTB;Kraków;2600;3599;999
ORD-2024-1705;13.08.2024;August;Romet;Gazela 4;Miejski;Gdańsk;1800;2499;699
ORD-2024-1509;13.08.2024;August;Trek;Marlin 6;MTB;Łódź;2600;3599;999
ORD-2024-1800;13.08.2024;August;Kross;Esker 6.0;Gravel;Łódź;5800;7999;2199
ORD-2024-1678;13.08.2024;August;Romet;Aspre 1;Gravel;Poznań;2600;3699;1099
ORD-2024-1156;13.08.2024;August;Trek;Marlin 6;MTB;Łódź;2600;3599;999
ORD-2024-1485;14.08.2024;August;Trek;District 1;Miejski;Kraków;2900;3999;1099
ORD-2024-1143;14.08.2024;August;Giant;Contend AR 3;Szosowy;Szczecin;4100;5699;1599
ORD-2024-1063;14.08.2024;August;Trek;Marlin 6;MTB;Bydgoszcz;2600;3599;999
ORD-2024-1540;14.08.2024;August;Kross;Esker 1.0;Gravel;Katowice;2300;3199;899
ORD-2024-1607;14.08.2024;August;Kross;Vento 2.0;Szosowy;Szczecin;2800;3899;1099
ORD-2024-1300;14.08.2024;August;Romet;Jolene 24;Dziecięcy;Poznań;850;1199;349
ORD-2024-1042;16.08.2024;August;Kross;Trans 5.0;Miejski;Wrocław;2100;2899;799
ORD-2024-1586;16.08.2024;August;Kross;Esker 6.0;Gravel;Gdańsk;5800;7999;2199
ORD-2024-1724;16.08.2024;August;Cube;Aim Pro;MTB;Katowice;2200;2999;799
ORD-2024-1112;16.08.2024;August;Cube;Nuroad Pro;Gravel;Warszawa;4600;6299;1699
ORD-2024-1740;16.08.2024;August;Romet;Huragan 3;Szosowy;Łódź;3200;4499;1299
ORD-2024-1707;16.08.2024;August;Giant;Talon 2;MTB;Wrocław;2400;3299;899
ORD-2024-1979;16.08.2024;August;Kross;Vento 2.0;Szosowy;Poznań;2800;3899;1099
ORD-2024-1973;16.08.2024;August;Kross;Hexagon 5.0;MTB;Gdańsk;1600;2199;599
ORD-2024-1852;17.08.2024;August;Kross;Esker 6.0;Gravel;Warszawa;5800;7999;2199
ORD-2024-1928;17.08.2024;August;Trek;Marlin 6;MTB;Warszawa;2600;3599;999
ORD-2024-1129;17.08.2024;August;Romet;Huragan 3;Szosowy;Warszawa;3200;4499;1299
ORD-2024-1211;18.08.2024;August;Giant;Escape City;Miejski;Katowice;2300;3199;899
ORD-2024-1696;18.08.2024;August;Specialized;Allez;Szosowy;Gdańsk;4500;6199;1699
ORD-2024-1095;20.08.2024;August;Romet;Mustang M2;MTB;Warszawa;2100;2999;899
ORD-2024-1665;20.08.2024;August;Kross;Hexagon 5.0;MTB;Katowice;1600;2199;599
ORD-2024-1009;20.08.2024;August;Trek;Domane AL 2;Szosowy;Poznań;3800;5299;1499
ORD-2024-1903;20.08.2024;August;Woom;4 Original;Dziecięcy;Szczecin;1900;2599;699
ORD-2024-1474;20.08.2024;August;Kross;Trans 5.0;Miejski;Łódź;2100;2899;799
ORD-2024-1495;20.08.2024;August;Trek;Checkpoint ALR 4;Gravel;Lublin;7500;9999;2499
ORD-2024-1132;20.08.2024;August;Romet;Jolene 24;Dziecięcy;Katowice;850;1199;349
ORD-2024-1210;20.08.2024;August;Giant;Contend AR 3;Szosowy;Łódź;4100;5699;1599
ORD-2024-1616;21.08.2024;August;Romet;Gazela 4;Miejski;Lublin;1800;2499;699
ORD-2024-1174;21.08.2024;August;Kross;Hexagon 5.0;MTB;Łódź;1600;2199;599
ORD-2024-1558;21.08.2024;August;Specialized;Allez;Szosowy;Wrocław;4500;6199;1699
ORD-2024-1096;21.08.2024;August;Giant;Contend AR 3;Szosowy;Wrocław;4100;5699;1599
ORD-2024-1131;22.08.2024;August;Trek;Checkpoint ALR 4;Gravel;Wrocław;7500;9999;2499
ORD-2024-1098;22.08.2024;August;Kross;Esker 1.0;Gravel;Łódź;2300;3199;899
ORD-2024-1910;22.08.2024;August;Giant;Talon 2;MTB;Poznań;2400;3299;899
ORD-2024-1340;22.08.2024;August;Cube;Nuroad Pro;Gravel;Bydgoszcz;4600;6299;1699
ORD-2024-1272;22.08.2024;August;Kross;Level Mini;Dziecięcy;Bydgoszcz;900;1299;399
ORD-2024-1809;22.08.2024;August;Giant;Revolt 2;Gravel;Poznań;4900;6799;1899
ORD-2024-1671;22.08.2024;August;Cube;Aim Pro;MTB;Kraków;2200;2999;799
ORD-2024-1158;23.08.2024;August;Cube;Nuroad Pro;Gravel;Wrocław;4600;6299;1699
ORD-2024-1687;23.08.2024;August;Giant;Revolt 2;Gravel;Gdańsk;4900;6799;1899
ORD-2024-1345;23.08.2024;August;Cube;Nuroad Pro;Gravel;Gdańsk;4600;6299;1699
ORD-2024-1882;23.08.2024;August;Specialized;Rockhopper Sport;MTB;Kraków;2500;3499;999
ORD-2024-1568;23.08.2024;August;Trek;District 1;Miejski;Lublin;2900;3999;1099
ORD-2024-1826;23.08.2024;August;Romet;Huragan 3;Szosowy;Gdańsk;3200;4499;1299
ORD-2024-1580;24.08.2024;August;Trek;Domane AL 2;Szosowy;Warszawa;3800;5299;1499
ORD-2024-1770;24.08.2024;August;Romet;Mustang M2;MTB;Kraków;2100;2999;899
ORD-2024-1417;24.08.2024;August;Giant;Escape City;Miejski;Kraków;2300;3199;899
ORD-2024-1996;24.08.2024;August;Trek;District 1;Miejski;Łódź;2900;3999;1099
ORD-2024-1940;25.08.2024;August;Woom;4 Original;Dziecięcy;Warszawa;1900;2599;699
ORD-2024-1331;26.08.2024;August;Trek;Marlin 6;MTB;Warszawa;2600;3599;999
ORD-2024-1465;26.08.2024;August;Trek;Domane AL 2;Szosowy;Łódź;3800;5299;1499
ORD-2024-1625;26.08.2024;August;Cube;Nuroad Pro;Gravel;Kraków;4600;6299;1699
ORD-2024-1227;27.08.2024;August;Romet;Boreas 2;Gravel;Lublin;4200;5899;1699
ORD-2024-1052;27.08.2024;August;Trek;Marlin 6;MTB;Kraków;2600;3599;999
ORD-2024-1929;27.08.2024;August;Woom;4 Original;Dziecięcy;Wrocław;1900;2599;699
ORD-2024-1205;28.08.2024;August;Kross;Level Mini;Dziecięcy;Szczecin;900;1299;399
ORD-2024-1689;28.08.2024;August;Romet;Gazela 4;Miejski;Warszawa;1800;2499;699
ORD-2024-1471;28.08.2024;August;Kross;Trans 5.0;Miejski;Lublin;2100;2899;799
ORD-2024-1435;28.08.2024;August;Kross;Esker 1.0;Gravel;Warszawa;2300;3199;899
ORD-2024-1076;28.08.2024;August;Kross;Esker 1.0;Gravel;Kraków;2300;3199;899
ORD-2024-1648;29.08.2024;August;Romet;Mustang M2;MTB;Kraków;2100;2999;899
ORD-2024-1062;29.08.2024;August;Kross;Esker 1.0;Gravel;Warszawa;2300;3199;899
ORD-2024-1854;29.08.2024;August;Kross;Esker 6.0;Gravel;Lublin;5800;7999;2199
ORD-2024-1408;29.08.2024;August;Cube;Aim Pro;MTB;Warszawa;2200;2999;799
ORD-2024-1839;29.08.2024;August;Giant;Revolt 2;Gravel;Wrocław;4900;6799;1899
ORD-2024-1352;29.08.2024;August;Romet;Gazela 4;Miejski;Gdańsk;1800;2499;699
ORD-2024-1503;30.08.2024;August;Giant;Escape City;Miejski;Lublin;2300;3199;899
ORD-2024-1499;30.08.2024;August;Kross;Trans 5.0;Miejski;Łódź;2100;2899;799
ORD-2024-1055;30.08.2024;August;Kross;Hexagon 5.0;MTB;Warszawa;1600;2199;599
ORD-2024-1710;30.08.2024;August;Kross;Hexagon 5.0;MTB;Katowice;1600;2199;599
ORD-2024-1936;31.08.2024;August;Kross;Esker 6.0;Gravel;Poznań;5800;7999;2199
ORD-2024-1598;31.08.2024;August;Specialized;Rockhopper Sport;MTB;Łódź;2500;3499;999
ORD-2024-1060;31.08.2024;August;Giant;Talon 2;MTB;Warszawa;2400;3299;899
ORD-2024-1544;31.08.2024;August;Romet;Gazela 4;Miejski;Poznań;1800;2499;699
ORD-2024-1734;31.08.2024;August;Trek;District 1;Miejski;Katowice;2900;3999;1099
ORD-2024-1772;2.09.2024;September;Kross;Level Mini;Dziecięcy;Warszawa;900;1299;399
ORD-2024-1353;2.09.2024;September;Woom;4 Original;Dziecięcy;Lublin;1900;2599;699
ORD-2024-1282;3.09.2024;September;Giant;Escape City;Miejski;Kraków;2300;3199;899
ORD-2024-1649;3.09.2024;September;Woom;4 Original;Dziecięcy;Katowice;1900;2599;699
ORD-2024-1858;3.09.2024;September;Romet;Jolene 24;Dziecięcy;Poznań;850;1199;349
ORD-2024-1478;4.09.2024;September;Specialized;Allez;Szosowy;Łódź;4500;6199;1699
ORD-2024-1218;4.09.2024;September;Giant;Escape City;Miejski;Katowice;2300;3199;899
ORD-2024-1286;4.09.2024;September;Romet;Jolene 24;Dziecięcy;Warszawa;850;1199;349
ORD-2024-1423;5.09.2024;September;Trek;District 1;Miejski;Lublin;2900;3999;1099
ORD-2024-1847;5.09.2024;September;Romet;Gazela 4;Miejski;Kraków;1800;2499;699
ORD-2024-1776;5.09.2024;September;Cube;Nuroad Pro;Gravel;Kraków;4600;6299;1699
ORD-2024-1475;6.09.2024;September;Romet;Jolene 24;Dziecięcy;Lublin;850;1199;349
ORD-2024-1207;6.09.2024;September;Cube;Nuroad Pro;Gravel;Szczecin;4600;6299;1699
ORD-2024-1321;6.09.2024;September;Kross;Esker 1.0;Gravel;Kraków;2300;3199;899
ORD-2024-1231;6.09.2024;September;Cube;Aim Pro;MTB;Warszawa;2200;2999;799
ORD-2024-1414;7.09.2024;September;Kross;Trans 5.0;Miejski;Katowice;2100;2899;799
ORD-2024-1278;7.09.2024;September;Kross;Esker 6.0;Gravel;Warszawa;5800;7999;2199
ORD-2024-1411;8.09.2024;September;Romet;Aspre 1;Gravel;Lublin;2600;3699;1099
ORD-2024-1989;8.09.2024;September;Kross;Level Mini;Dziecięcy;Wrocław;900;1299;399
ORD-2024-1654;9.09.2024;September;Trek;Domane AL 2;Szosowy;Gdańsk;3800;5299;1499
ORD-2024-1351;10.09.2024;September;Trek;Checkpoint ALR 4;Gravel;Warszawa;7500;9999;2499
ORD-2024-1824;11.09.2024;September;Trek;Checkpoint ALR 4;Gravel;Wrocław;7500;9999;2499
ORD-2024-1791;11.09.2024;September;Cube;Aim Pro;MTB;Warszawa;2200;2999;799
ORD-2024-1576;11.09.2024;September;Kross;Hexagon 5.0;MTB;Kraków;1600;2199;599
ORD-2024-1533;11.09.2024;September;Kross;Vento 2.0;Szosowy;Warszawa;2800;3899;1099
ORD-2024-1647;11.09.2024;September;Trek;District 1;Miejski;Kraków;2900;3999;1099
ORD-2024-1090;11.09.2024;September;Giant;Talon 2;MTB;Warszawa;2400;3299;899
ORD-2024-1105;12.09.2024;September;Specialized;Allez;Szosowy;Łódź;4500;6199;1699
ORD-2024-1793;12.09.2024;September;Trek;District 1;Miejski;Warszawa;2900;3999;1099
ORD-2024-1081;12.09.2024;September;Kross;Vento 2.0;Szosowy;Kraków;2800;3899;1099
ORD-2024-1196;12.09.2024;September;Giant;Contend AR 3;Szosowy;Warszawa;4100;5699;1599
ORD-2024-1619;12.09.2024;September;Romet;Jolene 24;Dziecięcy;Gdańsk;850;1199;349
ORD-2024-1965;13.09.2024;September;Woom;4 Original;Dziecięcy;Warszawa;1900;2599;699
ORD-2024-1797;13.09.2024;September;Romet;Mustang M2;MTB;Szczecin;2100;2999;899
ORD-2024-1563;13.09.2024;September;Specialized;Allez;Szosowy;Wrocław;4500;6199;1699
ORD-2024-1817;14.09.2024;September;Trek;Domane AL 2;Szosowy;Warszawa;3800;5299;1499
ORD-2024-1280;14.09.2024;September;Trek;District 1;Miejski;Poznań;2900;3999;1099
ORD-2024-1988;14.09.2024;September;Trek;Marlin 6;MTB;Poznań;2600;3599;999
ORD-2024-1461;14.09.2024;September;Trek;Marlin 6;MTB;Bydgoszcz;2600;3599;999
ORD-2024-1220;15.09.2024;September;Kross;Vento 2.0;Szosowy;Warszawa;2800;3899;1099
ORD-2024-1820;15.09.2024;September;Cube;Nuroad Pro;Gravel;Katowice;4600;6299;1699
ORD-2024-1293;15.09.2024;September;Trek;District 1;Miejski;Katowice;2900;3999;1099
ORD-2024-1404;16.09.2024;September;Cube;Nuroad Pro;Gravel;Katowice;4600;6299;1699
ORD-2024-1057;16.09.2024;September;Romet;Jolene 24;Dziecięcy;Warszawa;850;1199;349
ORD-2024-1257;16.09.2024;September;Romet;Mustang M2;MTB;Gdańsk;2100;2999;899
ORD-2024-1102;16.09.2024;September;Kross;Level Mini;Dziecięcy;Warszawa;900;1299;399
ORD-2024-1787;17.09.2024;September;Kross;Trans 5.0;Miejski;Poznań;2100;2899;799
ORD-2024-1100;17.09.2024;September;Trek;Domane AL 2;Szosowy;Kraków;3800;5299;1499
ORD-2024-1336;18.09.2024;September;Cube;Aim Pro;MTB;Szczecin;2200;2999;799
ORD-2024-1077;18.09.2024;September;Kross;Hexagon 5.0;MTB;Szczecin;1600;2199;599
ORD-2024-1761;19.09.2024;September;Trek;Checkpoint ALR 4;Gravel;Łódź;7500;9999;2499
ORD-2024-1453;19.09.2024;September;Kross;Esker 6.0;Gravel;Szczecin;5800;7999;2199
ORD-2024-1059;20.09.2024;September;Cube;Aim Pro;MTB;Katowice;2200;2999;799
ORD-2024-1035;20.09.2024;September;Kross;Hexagon 5.0;MTB;Szczecin;1600;2199;599
ORD-2024-1246;20.09.2024;September;Kross;Trans 5.0;Miejski;Szczecin;2100;2899;799
ORD-2024-1224;20.09.2024;September;Kross;Level Mini;Dziecięcy;Kraków;900;1299;399
ORD-2024-1846;21.09.2024;September;Specialized;Allez;Szosowy;Szczecin;4500;6199;1699
ORD-2024-1922;21.09.2024;September;Kross;Vento 2.0;Szosowy;Łódź;2800;3899;1099
ORD-2024-1139;21.09.2024;September;Kross;Level Mini;Dziecięcy;Bydgoszcz;900;1299;399
ORD-2024-1155;21.09.2024;September;Kross;Esker 6.0;Gravel;Lublin;5800;7999;2199
ORD-2024-1176;21.09.2024;September;Woom;4 Original;Dziecięcy;Łódź;1900;2599;699
ORD-2024-1675;22.09.2024;September;Romet;Huragan 3;Szosowy;Gdańsk;3200;4499;1299
ORD-2024-1234;22.09.2024;September;Romet;Huragan 3;Szosowy;Warszawa;3200;4499;1299
ORD-2024-1597;23.09.2024;September;Trek;Domane AL 2;Szosowy;Wrocław;3800;5299;1499
ORD-2024-1851;24.09.2024;September;Romet;Jolene 24;Dziecięcy;Wrocław;850;1199;349
ORD-2024-1866;25.09.2024;September;Kross;Esker 1.0;Gravel;Katowice;2300;3199;899
ORD-2024-1759;25.09.2024;September;Romet;Boreas 2;Gravel;Poznań;4200;5899;1699
ORD-2024-1452;25.09.2024;September;Giant;Contend AR 3;Szosowy;Lublin;4100;5699;1599
ORD-2024-1148;26.09.2024;September;Romet;Huragan 3;Szosowy;Wrocław;3200;4499;1299
ORD-2024-1149;26.09.2024;September;Romet;Aspre 1;Gravel;Warszawa;2600;3699;1099
ORD-2024-1543;26.09.2024;September;Romet;Aspre 1;Gravel;Gdańsk;2600;3699;1099
ORD-2024-1294;26.09.2024;September;Giant;Revolt 2;Gravel;Katowice;4900;6799;1899
ORD-2024-1093;26.09.2024;September;Romet;Jolene 24;Dziecięcy;Łódź;850;1199;349
ORD-2024-1334;26.09.2024;September;Giant;Contend AR 3;Szosowy;Lublin;4100;5699;1599
ORD-2024-1562;27.09.2024;September;Specialized;Rockhopper Sport;MTB;Katowice;2500;3499;999
ORD-2024-1401;27.09.2024;September;Kross;Trans 5.0;Miejski;Katowice;2100;2899;799
ORD-2024-1961;27.09.2024;September;Romet;Boreas 2;Gravel;Łódź;4200;5899;1699
ORD-2024-1742;27.09.2024;September;Romet;Mustang M2;MTB;Poznań;2100;2999;899
ORD-2024-1531;27.09.2024;September;Romet;Boreas 2;Gravel;Katowice;4200;5899;1699
ORD-2024-1168;28.09.2024;September;Kross;Vento 2.0;Szosowy;Warszawa;2800;3899;1099
ORD-2024-1686;29.09.2024;September;Giant;Revolt 2;Gravel;Bydgoszcz;4900;6799;1899
ORD-2024-1324;29.09.2024;September;Cube;Aim Pro;MTB;Lublin;2200;2999;799
ORD-2024-1271;30.09.2024;September;Romet;Gazela 4;Miejski;Gdańsk;1800;2499;699
ORD-2024-1718;30.09.2024;September;Trek;Checkpoint ALR 4;Gravel;Szczecin;7500;9999;2499
ORD-2024-1048;30.09.2024;September;Giant;Talon 2;MTB;Łódź;2400;3299;899
ORD-2024-1944;30.09.2024;September;Trek;Domane AL 2;Szosowy;Gdańsk;3800;5299;1499
ORD-2024-1949;1.10.2024;October;Kross;Level Mini;Dziecięcy;Łódź;900;1299;399
ORD-2024-1569;1.10.2024;October;Trek;Domane AL 2;Szosowy;Warszawa;3800;5299;1499
ORD-2024-1237;2.10.2024;October;Specialized;Allez;Szosowy;Gdańsk;4500;6199;1699
ORD-2024-1165;3.10.2024;October;Romet;Jolene 24;Dziecięcy;Warszawa;850;1199;349
ORD-2024-1632;3.10.2024;October;Trek;Marlin 6;MTB;Bydgoszcz;2600;3599;999
ORD-2024-1749;3.10.2024;October;Kross;Hexagon 5.0;MTB;Warszawa;1600;2199;599
ORD-2024-1370;4.10.2024;October;Kross;Hexagon 5.0;MTB;Gdańsk;1600;2199;599
ORD-2024-1608;4.10.2024;October;Kross;Esker 1.0;Gravel;Kraków;2300;3199;899
ORD-2024-1895;4.10.2024;October;Giant;Talon 2;MTB;Lublin;2400;3299;899
ORD-2024-1642;4.10.2024;October;Giant;Revolt 2;Gravel;Gdańsk;4900;6799;1899
ORD-2024-1658;5.10.2024;October;Romet;Gazela 4;Miejski;Poznań;1800;2499;699
ORD-2024-1939;5.10.2024;October;Kross;Esker 1.0;Gravel;Wrocław;2300;3199;899
ORD-2024-1560;6.10.2024;October;Kross;Esker 6.0;Gravel;Łódź;5800;7999;2199
ORD-2024-1856;6.10.2024;October;Kross;Level Mini;Dziecięcy;Kraków;900;1299;399
ORD-2024-1911;6.10.2024;October;Kross;Esker 6.0;Gravel;Bydgoszcz;5800;7999;2199
ORD-2024-1741;7.10.2024;October;Kross;Hexagon 5.0;MTB;Lublin;1600;2199;599
ORD-2024-1456;7.10.2024;October;Giant;Revolt 2;Gravel;Warszawa;4900;6799;1899
ORD-2024-1069;7.10.2024;October;Giant;Talon 2;MTB;Katowice;2400;3299;899
ORD-2024-1429;7.10.2024;October;Woom;4 Original;Dziecięcy;Poznań;1900;2599;699
ORD-2024-1358;8.10.2024;October;Trek;Checkpoint ALR 4;Gravel;Katowice;7500;9999;2499
ORD-2024-1473;9.10.2024;October;Trek;Checkpoint ALR 4;Gravel;Warszawa;7500;9999;2499
ORD-2024-1514;9.10.2024;October;Kross;Esker 1.0;Gravel;Szczecin;2300;3199;899
ORD-2024-1757;10.10.2024;October;Kross;Trans 5.0;Miejski;Katowice;2100;2899;799
ORD-2024-1103;11.10.2024;October;Romet;Aspre 1;Gravel;Kraków;2600;3699;1099
ORD-2024-1862;12.10.2024;October;Giant;Talon 2;MTB;Warszawa;2400;3299;899
ORD-2024-1694;13.10.2024;October;Trek;Marlin 6;MTB;Bydgoszcz;2600;3599;999
ORD-2024-1430;13.10.2024;October;Cube;Aim Pro;MTB;Szczecin;2200;2999;799
ORD-2024-1117;14.10.2024;October;Giant;Escape City;Miejski;Warszawa;2300;3199;899
ORD-2024-1769;14.10.2024;October;Romet;Jolene 24;Dziecięcy;Łódź;850;1199;349
ORD-2024-1104;15.10.2024;October;Kross;Level Mini;Dziecięcy;Gdańsk;900;1299;399
ORD-2024-1208;15.10.2024;October;Romet;Gazela 4;Miejski;Bydgoszcz;1800;2499;699
ORD-2024-1498;16.10.2024;October;Romet;Gazela 4;Miejski;Łódź;1800;2499;699
ORD-2024-1402;16.10.2024;October;Trek;District 1;Miejski;Gdańsk;2900;3999;1099
ORD-2024-1091;16.10.2024;October;Kross;Esker 6.0;Gravel;Poznań;5800;7999;2199
ORD-2024-1779;17.10.2024;October;Romet;Aspre 1;Gravel;Gdańsk;2600;3699;1099
ORD-2024-1313;17.10.2024;October;Giant;Talon 2;MTB;Łódź;2400;3299;899
ORD-2024-1553;17.10.2024;October;Trek;Marlin 6;MTB;Poznań;2600;3599;999
ORD-2024-1755;17.10.2024;October;Giant;Talon 2;MTB;Warszawa;2400;3299;899
ORD-2024-1365;17.10.2024;October;Cube;Aim Pro;MTB;Łódź;2200;2999;799
ORD-2024-1535;17.10.2024;October;Romet;Huragan 3;Szosowy;Gdańsk;3200;4499;1299
ORD-2024-1631;18.10.2024;October;Romet;Boreas 2;Gravel;Warszawa;4200;5899;1699
ORD-2024-1571;18.10.2024;October;Specialized;Allez;Szosowy;Lublin;4500;6199;1699
ORD-2024-1796;18.10.2024;October;Kross;Hexagon 5.0;MTB;Warszawa;1600;2199;599
ORD-2024-1214;18.10.2024;October;Kross;Level Mini;Dziecięcy;Warszawa;900;1299;399
ORD-2024-1692;18.10.2024;October;Romet;Boreas 2;Gravel;Lublin;4200;5899;1699
ORD-2024-1374;19.10.2024;October;Giant;Contend AR 3;Szosowy;Szczecin;4100;5699;1599
ORD-2024-1985;19.10.2024;October;Giant;Talon 2;MTB;Wrocław;2400;3299;899
ORD-2024-1758;19.10.2024;October;Specialized;Allez;Szosowy;Poznań;4500;6199;1699
ORD-2024-1328;19.10.2024;October;Specialized;Rockhopper Sport;MTB;Bydgoszcz;2500;3499;999
ORD-2024-1038;20.10.2024;October;Trek;Marlin 6;MTB;Wrocław;2600;3599;999
ORD-2024-1177;20.10.2024;October;Kross;Level Mini;Dziecięcy;Bydgoszcz;900;1299;399
ORD-2024-1226;21.10.2024;October;Kross;Esker 1.0;Gravel;Bydgoszcz;2300;3199;899
ORD-2024-1690;21.10.2024;October;Cube;Nuroad Pro;Gravel;Katowice;4600;6299;1699
ORD-2024-1884;21.10.2024;October;Romet;Boreas 2;Gravel;Gdańsk;4200;5899;1699
ORD-2024-1304;23.10.2024;October;Trek;District 1;Miejski;Poznań;2900;3999;1099
ORD-2024-1655;23.10.2024;October;Kross;Level Mini;Dziecięcy;Kraków;900;1299;399
ORD-2024-1229;24.10.2024;October;Romet;Huragan 3;Szosowy;Poznań;3200;4499;1299
ORD-2024-1114;26.10.2024;October;Romet;Gazela 4;Miejski;Kraków;1800;2499;699
ORD-2024-1428;26.10.2024;October;Giant;Contend AR 3;Szosowy;Poznań;4100;5699;1599
ORD-2024-1420;27.10.2024;October;Specialized;Allez;Szosowy;Wrocław;4500;6199;1699
ORD-2024-1074;27.10.2024;October;Trek;Marlin 6;MTB;Poznań;2600;3599;999
ORD-2024-1750;27.10.2024;October;Trek;Domane AL 2;Szosowy;Szczecin;3800;5299;1499
ORD-2024-1454;27.10.2024;October;Kross;Level Mini;Dziecięcy;Poznań;900;1299;399
ORD-2024-1680;29.10.2024;October;Kross;Level Mini;Dziecięcy;Bydgoszcz;900;1299;399
ORD-2024-1050;29.10.2024;October;Romet;Huragan 3;Szosowy;Łódź;3200;4499;1299
ORD-2024-1032;30.10.2024;October;Specialized;Rockhopper Sport;MTB;Kraków;2500;3499;999
ORD-2024-1357;30.10.2024;October;Kross;Trans 5.0;Miejski;Wrocław;2100;2899;799
ORD-2024-1086;30.10.2024;October;Kross;Trans 5.0;Miejski;Kraków;2100;2899;799
ORD-2024-1367;30.10.2024;October;Specialized;Allez;Szosowy;Gdańsk;4500;6199;1699
ORD-2024-1322;30.10.2024;October;Romet;Boreas 2;Gravel;Katowice;4200;5899;1699
ORD-2024-1528;31.10.2024;October;Specialized;Rockhopper Sport;MTB;Bydgoszcz;2500;3499;999
ORD-2024-1789;31.10.2024;October;Kross;Esker 1.0;Gravel;Poznań;2300;3199;899
ORD-2024-1814;31.10.2024;October;Giant;Contend AR 3;Szosowy;Łódź;4100;5699;1599
ORD-2024-1254;31.10.2024;October;Romet;Jolene 24;Dziecięcy;Gdańsk;850;1199;349
ORD-2024-1629;3.11.2024;November;Romet;Gazela 4;Miejski;Szczecin;1800;2499;699
ORD-2024-1314;3.11.2024;November;Kross;Level Mini;Dziecięcy;Lublin;900;1299;399
ORD-2024-1418;4.11.2024;November;Kross;Esker 6.0;Gravel;Szczecin;5800;7999;2199
ORD-2024-1342;4.11.2024;November;Kross;Hexagon 5.0;MTB;Bydgoszcz;1600;2199;599
ORD-2024-1712;5.11.2024;November;Kross;Esker 6.0;Gravel;Katowice;5800;7999;2199
ORD-2024-1161;5.11.2024;November;Romet;Huragan 3;Szosowy;Gdańsk;3200;4499;1299
ORD-2024-1261;7.11.2024;November;Woom;4 Original;Dziecięcy;Poznań;1900;2599;699
ORD-2024-1717;8.11.2024;November;Cube;Nuroad Pro;Gravel;Gdańsk;4600;6299;1699
ORD-2024-1667;14.11.2024;November;Romet;Boreas 2;Gravel;Warszawa;4200;5899;1699
ORD-2024-1963;16.11.2024;November;Romet;Aspre 1;Gravel;Gdańsk;2600;3699;1099
ORD-2024-1520;22.11.2024;November;Trek;Checkpoint ALR 4;Gravel;Bydgoszcz;7500;9999;2499
ORD-2024-1808;22.11.2024;November;Romet;Aspre 1;Gravel;Kraków;2600;3699;1099
ORD-2024-1306;24.11.2024;November;Kross;Esker 1.0;Gravel;Gdańsk;2300;3199;899
ORD-2024-1946;24.11.2024;November;Trek;District 1;Miejski;Katowice;2900;3999;1099
ORD-2024-1369;25.11.2024;November;Trek;Checkpoint ALR 4;Gravel;Kraków;7500;9999;2499
ORD-2024-1530;25.11.2024;November;Kross;Hexagon 5.0;MTB;Warszawa;1600;2199;599
ORD-2024-1477;26.11.2024;November;Giant;Talon 2;MTB;Bydgoszcz;2400;3299;899
ORD-2024-1292;29.11.2024;November;Giant;Contend AR 3;Szosowy;Bydgoszcz;4100;5699;1599
ORD-2024-1760;29.11.2024;November;Kross;Esker 1.0;Gravel;Poznań;2300;3199;899
ORD-2024-1410;3.12.2024;December;Trek;District 1;Miejski;Szczecin;2900;3999;1099
ORD-2024-1997;6.12.2024;December;Cube;Nuroad Pro;Gravel;Lublin;4600;6299;1699
ORD-2024-1532;6.12.2024;December;Kross;Esker 1.0;Gravel;Poznań;2300;3199;899
ORD-2024-1027;6.12.2024;December;Cube;Nuroad Pro;Gravel;Szczecin;4600;6299;1699
ORD-2024-1216;7.12.2024;December;Giant;Contend AR 3;Szosowy;Gdańsk;4100;5699;1599
ORD-2024-1593;8.12.2024;December;Trek;District 1;Miejski;Wrocław;2900;3999;1099
ORD-2024-1892;12.12.2024;December;Giant;Revolt 2;Gravel;Łódź;4900;6799;1899
ORD-2024-1427;12.12.2024;December;Kross;Trans 5.0;Miejski;Szczecin;2100;2899;799
ORD-2024-1938;14.12.2024;December;Trek;Checkpoint ALR 4;Gravel;Kraków;7500;9999;2499
ORD-2024-1444;17.12.2024;December;Trek;District 1;Miejski;Lublin;2900;3999;1099
ORD-2024-1999;20.12.2024;December;Kross;Hexagon 5.0;MTB;Łódź;1600;2199;599
ORD-2024-1743;21.12.2024;December;Romet;Jolene 24;Dziecięcy;Kraków;850;1199;349
ORD-2024-1029;21.12.2024;December;Specialized;Allez;Szosowy;Gdańsk;4500;6199;1699
ORD-2024-1147;26.12.2024;December;Trek;Domane AL 2;Szosowy;Poznań;3800;5299;1499
ORD-2024-1141;26.12.2024;December;Cube;Nuroad Pro;Gravel;Szczecin;4600;6299;1699
ORD-2024-1948;26.12.2024;December;Kross;Level Mini;Dziecięcy;Katowice;900;1299;399
ORD-2024-1153;27.12.2024;December;Cube;Nuroad Pro;Gravel;Szczecin;4600;6299;1699
ORD-2024-1799;27.12.2024;December;Romet;Aspre 1;Gravel;Gdańsk;2600;3699;1099
ORD-2024-1751;31.12.2024;December;Specialized;Rockhopper Sport;MTB;Bydgoszcz;2500;3499;999
ORD-2024-1013;31.12.2024;December;Woom;4 Original;Dziecięcy;Wrocław;1900;2599;699